Date & Time,Twin Member,Twin Standard,King Member,King Standard,Lowest Price,Lowest Room,Lowest Rate Type
2026-09-07 09:39:19,13005,14450,13905,15450,13005,SUPERIOR ROOM TWIN BED,MEMBER
2026-09-07 10:12:45,13005,14450,13905,15450,13005,SUPERIOR ROOM TWIN BED,MEMBER
2026-09-07 10:41:52,13005,14450,13905,15450,13005,SUPERIOR ROOM TWIN BED,MEMBER
2026-09-07 11:11:55,13005,14450,13905,15450,13005,SUPERIOR ROOM TWIN BED,MEMBER
2026-09-07 11:47:21,13005,14450,13905,15450,13005,SUPERIOR ROOM TWIN BED,MEMBER
2026-09-07 12:17:07,13005,14450,13905,15450,13005,SUPERIOR ROOM TWIN BED,MEMBER
2026-09-07 12:44:15,13005,14450,13905,15450,13005,SUPERIOR ROOM TWIN BED,MEMBER
2026-09-07 13:13:13,13005,14450,13905,15450,13005,SUPERIOR ROOM TWIN BED,MEMBER
2026-09-07 13:43:48,13005,14450,13905,15450,13005,SUPERIOR ROOM TWIN BED,MEMBER
2026-09-07 14:13:13,13005,14450,13905,15450,13005,SUPERIOR ROOM TWIN BED,MEMBER
2026-09-07 14:43:37,13005,14450,13905,15450,13005,SUPERIOR ROOM TWIN BED,MEMBER
2026-09-07 15:13:20,13005,14450,13905,15450,13005,SUPERIOR ROOM TWIN BED,MEMBER
2026-09-07 15:42:28,13005,14450,13905,15450,13005,SUPERIOR ROOM TWIN BED,MEMBER
2026-09-07 16:11:33,13005,14450,13905,15450,13005,SUPERIOR ROOM TWIN BED,MEMBER
2026-09-07 16:42:34,13005,14450,13905,15450,13005,SUPERIOR ROOM TWIN BED,MEMBER
2026-09-07 17:12:13,13005,14450,13905,15450,13005,SUPERIOR ROOM TWIN BED,MEMBER
2026-09-07 17:46:20,12951,14390,13851,15390,12951,SUPERIOR ROOM TWIN BED,MEMBER
2026-09-07 18:15:59,12951,14390,13851,15390,12951,SUPERIOR ROOM TWIN BED,MEMBER
2026-09-07 18:43:45,12951,14390,13851,15390,12951,SUPERIOR ROOM TWIN BED,MEMBER
2026-09-07 19:12:55,12951,14390,13851,15390,12951,SUPERIOR ROOM TWIN BED,MEMBER
2026-09-07 19:42:59,12951,14390,13851,15390,12951,SUPERIOR ROOM TWIN BED,MEMBER
2026-09-07 20:12:19,12951,14390,13851,15390,12951,SUPERIOR ROOM TWIN BED,MEMBER
2026-09-07 20:42:02,12951,14390,13851,15390,12951,SUPERIOR ROOM TWIN BED,MEMBER
2026-09-07 21:09:51,12951,14390,13851,15390,12951,SUPERIOR ROOM TWIN BED,MEMBER
2026-09-07 21:11:55,12951,14390,13851,15390,12951,SUPERIOR ROOM TWIN BED,MEMBER
2026-09-07 21:17:13,12951,14390,13851,15390,12951,SUPERIOR ROOM TWIN BED,MEMBER
2026-09-07 21:21:03,12951,14390,13851,15390,12951,SUPERIOR ROOM TWIN BED,MEMBER
2026-09-07 21:36:47,12951,14390,13851,15390,12951,SUPERIOR ROOM TWIN BED,MEMBER
2026-09-07 22:09:09,12951,14390,13851,15390,12951,SUPERIOR ROOM TWIN BED,MEMBER
2026-09-07 22:20:56,12951,14390,13851,15390,12951,SUPERIOR ROOM TWIN BED,MEMBER
2026-09-07 22:35:51,12951,14390,13851,15390,12951,SUPERIOR ROOM TWIN BED,MEMBER
2026-09-07 22:53:29,12951,14390,13851,15390,12951,SUPERIOR ROOM TWIN BED,MEMBER
2026-09-07 23:04:12,12951,14390,13851,15390,12951,SUPERIOR ROOM TWIN BED,MEMBER
2026-09-07 23:07:29,12951,14390,13851,15390,12951,SUPERIOR ROOM TWIN BED,MEMBER
2026-09-07 23:27:17,12951,14390,13851,15390,12951,SUPERIOR ROOM TWIN BED,MEMBER
2026-09-07 23:37:26,12951,14390,13851,15390,12951,SUPERIOR ROOM TWIN BED,MEMBER
2026-09-08 00:11:35,12951,14390,13851,15390,12951,SUPERIOR ROOM TWIN BED,MEMBER
2026-09-08 00:35:43,12951,14390,13851,15390,12951,SUPERIOR ROOM TWIN BED,MEMBER
2026-09-08 01:06:23,12951,14390,13851,15390,12951,SUPERIOR ROOM TWIN BED,MEMBER
2026-09-08 01:36:51,12951,14390,13851,15390,12951,SUPERIOR ROOM TWIN BED,MEMBER
2026-09-08 07:38:15,12951,14390,13851,15390,12951,SUPERIOR ROOM TWIN BED,MEMBER
2026-09-08 03:07:33,12951,14390,13851,15390,12951,SUPERIOR ROOM TWIN BED,MEMBER
2026-09-08 03:36:11,12951,14390,13851,15390,12951,SUPERIOR ROOM TWIN BED,MEMBER
2026-09-08 04:06:23,12951,14390,13851,15390,12951,SUPERIOR ROOM TWIN BED,MEMBER
2026-09-08 04:36:24,12942,14380,13842,15380,12942,SUPERIOR ROOM TWIN BED,MEMBER
2026-09-08 05:05:23,12942,14380,13842,15380,12942,SUPERIOR ROOM TWIN BED,MEMBER
2026-09-08 05:39:36,12942,14380,13842,15380,12942,SUPERIOR ROOM TWIN BED,MEMBER
2026-09-08 06:15:46,12942,14380,13842,15380,12942,SUPERIOR ROOM TWIN BED,MEMBER
2026-09-08 06:37:08,12942,14380,13842,15380,12942,SUPERIOR ROOM TWIN BED,MEMBER
2026-09-08 07:08:13,12942,14380,13842,15380,12942,SUPERIOR ROOM TWIN BED,MEMBER
2026-09-08 07:36:10,12942,14380,13842,15380,12942,SUPERIOR ROOM TWIN BED,MEMBER
2026-09-08 08:09:14,12942,14380,13842,15380,12942,SUPERIOR ROOM TWIN BED,MEMBER
2026-09-08 08:36:21,12942,14380,13842,15380,12942,SUPERIOR ROOM TWIN BED,MEMBER
2026-09-08 09:10:15,12942,14380,13842,15380,12942,SUPERIOR ROOM TWIN BED,MEMBER
2026-09-08 09:36:14,12942,14380,13842,15380,12942,SUPERIOR ROOM TWIN BED,MEMBER
2026-09-08 10:10:04,12942,14380,13842,15380,12942,SUPERIOR ROOM TWIN BED,MEMBER
2026-09-08 10:36:09,12942,14380,13842,15380,12942,SUPERIOR ROOM TWIN BED,MEMBER
2026-09-08 11:09:00,12942,14380,13842,15380,12942,SUPERIOR ROOM TWIN BED,MEMBER
2026-09-08 11:37:33,12942,14380,13842,15380,12942,SUPERIOR ROOM TWIN BED,MEMBER
2026-09-08 12:12:31,12942,14380,13842,15380,12942,SUPERIOR ROOM TWIN BED,MEMBER
2026-09-08 12:37:58,12942,14380,13842,15380,12942,SUPERIOR ROOM TWIN BED,MEMBER
2026-09-08 13:09:31,12942,14380,13842,15380,12942,SUPERIOR ROOM TWIN BED,MEMBER
2026-09-08 13:36:47,12942,14380,13842,15380,12942,SUPERIOR ROOM TWIN BED,MEMBER
2026-09-08 14:10:35,12942,14380,13842,15380,12942,SUPERIOR ROOM TWIN BED,MEMBER
2026-09-08 14:36:56,12942,14380,13842,15380,12942,SUPERIOR ROOM TWIN BED,MEMBER
2026-09-08 15:10:05,12942,14380,13842,15380,12942,SUPERIOR ROOM TWIN BED,MEMBER
2026-09-08 15:36:49,12942,14380,13842,15380,12942,SUPERIOR ROOM TWIN BED,MEMBER
2026-09-08 16:09:25,12942,14380,13842,15380,12942,SUPERIOR ROOM TWIN BED,MEMBER
2026-09-08 16:36:33,12942,14380,13842,15380,12942,SUPERIOR ROOM TWIN BED,MEMBER
2026-09-08 17:08:54,12942,14380,13842,15380,12942,SUPERIOR ROOM TWIN BED,MEMBER
2026-09-08 23:08:58,12942,14380,13842,15380,12942,SUPERIOR ROOM TWIN BED,MEMBER
2026-09-08 18:38:35,12942,14380,13842,15380,12942,SUPERIOR ROOM TWIN BED,MEMBER
2026-09-08 19:10:02,12744,14160,13644,15160,12744,SUPERIOR ROOM TWIN BED,MEMBER
2026-09-08 19:37:34,12744,14160,13644,15160,12744,SUPERIOR ROOM TWIN BED,MEMBER
2026-09-08 20:10:41,12744,14160,13644,15160,12744,SUPERIOR ROOM TWIN BED,MEMBER
2026-09-08 20:37:43,12744,14160,13644,15160,12744,SUPERIOR ROOM TWIN BED,MEMBER
2026-09-08 21:10:34,12744,14160,13644,15160,12744,SUPERIOR ROOM TWIN BED,MEMBER
2026-09-08 21:37:32,12744,14160,13644,15160,12744,SUPERIOR ROOM TWIN BED,MEMBER
2026-09-08 22:10:07,12744,14160,13644,15160,12744,SUPERIOR ROOM TWIN BED,MEMBER
2026-09-08 22:36:40,12744,14160,13644,15160,12744,SUPERIOR ROOM TWIN BED,MEMBER
2026-09-08 23:07:25,12744,14160,13644,15160,12744,SUPERIOR ROOM TWIN BED,MEMBER
2026-09-08 23:37:43,12744,14160,13644,15160,12744,SUPERIOR ROOM TWIN BED,MEMBER
2026-09-09 00:11:49,12744,14160,13644,15160,12744,SUPERIOR ROOM TWIN BED,MEMBER
2026-09-09 00:35:53,12744,14160,13644,15160,12744,SUPERIOR ROOM TWIN BED,MEMBER
2026-09-09 01:07:16,12744,14160,13644,15160,12744,SUPERIOR ROOM TWIN BED,MEMBER
2026-09-09 01:36:47,12744,14160,13644,15160,12744,SUPERIOR ROOM TWIN BED,MEMBER
2026-09-09 02:08:58,12744,14160,13644,15160,12744,SUPERIOR ROOM TWIN BED,MEMBER
2026-09-09 02:35:47,12744,14160,13644,15160,12744,SUPERIOR ROOM TWIN BED,MEMBER
2026-09-09 03:06:08,12744,14160,13644,15160,12744,SUPERIOR ROOM TWIN BED,MEMBER
2026-09-09 03:36:37,12744,14160,13644,15160,12744,SUPERIOR ROOM TWIN BED,MEMBER
2026-09-09 04:07:12,12744,14160,13644,15160,12744,SUPERIOR ROOM TWIN BED,MEMBER
2026-09-09 04:36:06,12816,14240,13716,15240,12816,SUPERIOR ROOM TWIN BED,MEMBER
2026-09-09 05:05:55,12816,14240,13716,15240,12816,SUPERIOR ROOM TWIN BED,MEMBER
2026-09-09 05:39:59,12816,14240,13716,15240,12816,SUPERIOR ROOM TWIN BED,MEMBER
2026-09-09 06:15:08,12816,14240,13716,15240,12816,SUPERIOR ROOM TWIN BED,MEMBER
2026-09-09 06:36:32,12816,14240,13716,15240,12816,SUPERIOR ROOM TWIN BED,MEMBER
2026-09-09 07:08:41,12816,14240,13716,15240,12816,SUPERIOR ROOM TWIN BED,MEMBER
2026-09-09 07:36:35,12816,14240,13716,15240,12816,SUPERIOR ROOM TWIN BED,MEMBER
2026-09-09 08:08:54,12816,14240,13716,15240,12816,SUPERIOR ROOM TWIN BED,MEMBER
2026-09-09 08:36:11,12816,14240,13716,15240,12816,SUPERIOR ROOM TWIN BED,MEMBER
2026-09-09 09:09:35,12816,14240,13716,15240,12816,SUPERIOR ROOM TWIN BED,MEMBER
2026-09-09 09:36:18,12816,14240,13716,15240,12816,SUPERIOR ROOM TWIN BED,MEMBER
2026-09-09 10:09:22,12816,14240,13716,15240,12816,SUPERIOR ROOM TWIN BED,MEMBER
2026-09-09 10:36:14,12816,14240,13716,15240,12816,SUPERIOR ROOM TWIN BED,MEMBER
2026-09-09 11:08:26,12816,14240,13716,15240,12816,SUPERIOR ROOM TWIN BED,MEMBER
2026-09-09 11:38:24,12816,14240,13716,15240,12816,SUPERIOR ROOM TWIN BED,MEMBER
2026-09-09 12:12:34,12816,14240,13716,15240,12816,SUPERIOR ROOM TWIN BED,MEMBER
2026-09-09 12:37:56,12816,14240,13716,15240,12816,SUPERIOR ROOM TWIN BED,MEMBER
2026-09-09 13:08:56,12816,14240,13716,15240,12816,SUPERIOR ROOM TWIN BED,MEMBER
2026-09-09 13:36:45,12816,14240,13716,15240,12816,SUPERIOR ROOM TWIN BED,MEMBER
2026-09-09 14:08:52,12816,14240,13716,15240,12816,SUPERIOR ROOM TWIN BED,MEMBER
2026-09-09 14:36:33,12816,14240,13716,15240,12816,SUPERIOR ROOM TWIN BED,MEMBER
2026-09-09 15:09:43,12816,14240,13716,15240,12816,SUPERIOR ROOM TWIN BED,MEMBER
2026-09-09 15:36:29,12816,14240,13716,15240,12816,SUPERIOR ROOM TWIN BED,MEMBER
2026-09-09 16:10:15,12816,14240,13716,15240,12816,SUPERIOR ROOM TWIN BED,MEMBER
2026-09-09 16:36:24,12816,14240,13716,15240,12816,SUPERIOR ROOM TWIN BED,MEMBER
2026-09-09 17:08:40,12816,14240,13716,15240,12816,SUPERIOR ROOM TWIN BED,MEMBER
2026-09-09 17:38:18,12600,14000,13500,15000,12600,SUPERIOR ROOM TWIN BED,MEMBER
2026-09-09 18:13:02,12600,14000,13500,15000,12600,SUPERIOR ROOM TWIN BED,MEMBER
2026-09-09 18:37:09,12600,14000,13500,15000,12600,SUPERIOR ROOM TWIN BED,MEMBER
2026-09-09 19:10:44,12600,14000,13500,15000,12600,SUPERIOR ROOM TWIN BED,MEMBER
2026-09-09 19:36:21,12600,14000,13500,15000,12600,SUPERIOR ROOM TWIN BED,MEMBER
2026-09-09 20:11:09,12600,14000,13500,15000,12600,SUPERIOR ROOM TWIN BED,MEMBER
2026-09-09 20:36:35,12600,14000,13500,15000,12600,SUPERIOR ROOM TWIN BED,MEMBER
2026-09-09 21:11:12,12600,14000,13500,15000,12600,SUPERIOR ROOM TWIN BED,MEMBER
2026-09-09 21:37:04,12600,14000,13500,15000,12600,SUPERIOR ROOM TWIN BED,MEMBER
2026-09-09 22:10:36,12600,14000,13500,15000,12600,SUPERIOR ROOM TWIN BED,MEMBER
2026-09-09 22:36:04,12600,14000,13500,15000,12600,SUPERIOR ROOM TWIN BED,MEMBER
2026-09-09 23:37:51,12600,14000,13500,15000,12600,SUPERIOR ROOM TWIN BED,MEMBER
2026-09-10 00:11:07,12600,14000,13500,15000,12600,SUPERIOR ROOM TWIN BED,MEMBER
2026-09-10 00:35:57,12600,14000,13500,15000,12600,SUPERIOR ROOM TWIN BED,MEMBER
2026-09-10 01:05:42,12600,14000,13500,15000,12600,SUPERIOR ROOM TWIN BED,MEMBER
2026-09-10 02:35:52,12600,14000,13500,15000,12600,SUPERIOR ROOM TWIN BED,MEMBER
2026-09-10 03:07:04,12600,14000,13500,15000,12600,SUPERIOR ROOM TWIN BED,MEMBER
2026-09-10 03:36:04,12600,14000,13500,15000,12600,SUPERIOR ROOM TWIN BED,MEMBER
2026-09-10 04:06:41,12600,14000,13500,15000,12600,SUPERIOR ROOM TWIN BED,MEMBER
2026-09-10 15:36:00,12600,14000,13500,15000,12600,SUPERIOR ROOM TWIN BED,MEMBER
2026-09-10 06:12:10,12933,14370,13833,15370,12933,SUPERIOR ROOM TWIN BED,MEMBER
2026-09-10 06:37:16,12933,14370,13833,15370,12933,SUPERIOR ROOM TWIN BED,MEMBER
2026-09-10 07:07:55,12933,14370,13833,15370,12933,SUPERIOR ROOM TWIN BED,MEMBER
2026-09-10 07:36:58,12933,14370,13833,15370,12933,SUPERIOR ROOM TWIN BED,MEMBER
2026-09-10 08:09:13,12933,14370,13833,15370,12933,SUPERIOR ROOM TWIN BED,MEMBER
2026-09-10 08:36:20,12933,14370,13833,15370,12933,SUPERIOR ROOM TWIN BED,MEMBER
2026-09-10 09:09:49,12933,14370,13833,15370,12933,SUPERIOR ROOM TWIN BED,MEMBER
2026-09-10 09:36:31,12933,14370,13833,15370,12933,SUPERIOR ROOM TWIN BED,MEMBER
2026-09-10 10:09:35,12933,14370,13833,15370,12933,SUPERIOR ROOM TWIN BED,MEMBER
2026-09-10 10:36:45,12933,14370,13833,15370,12933,SUPERIOR ROOM TWIN BED,MEMBER
2026-09-10 11:08:06,12933,14370,13833,15370,12933,SUPERIOR ROOM TWIN BED,MEMBER
2026-09-10 11:39:03,12942,14380,13842,15380,12942,SUPERIOR ROOM TWIN BED,MEMBER
2026-09-10 12:12:25,12942,14380,13842,15380,12942,SUPERIOR ROOM TWIN BED,MEMBER
2026-09-10 12:37:52,12942,14380,13842,15380,12942,SUPERIOR ROOM TWIN BED,MEMBER
2026-09-10 18:39:08,12942,14380,13842,15380,12942,SUPERIOR ROOM TWIN BED,MEMBER
2026-09-10 13:37:02,12942,14380,13842,15380,12942,SUPERIOR ROOM TWIN BED,MEMBER
2026-09-10 14:10:03,12942,14380,13842,15380,12942,SUPERIOR ROOM TWIN BED,MEMBER
2026-09-10 14:36:21,12942,14380,13842,15380,12942,SUPERIOR ROOM TWIN BED,MEMBER
2026-09-10 15:09:59,12942,14380,13842,15380,12942,SUPERIOR ROOM TWIN BED,MEMBER
2026-09-10 15:36:25,12942,14380,13842,15380,12942,SUPERIOR ROOM TWIN BED,MEMBER
2026-09-10 16:09:48,12942,14380,13842,15380,12942,SUPERIOR ROOM TWIN BED,MEMBER
2026-09-10 16:36:09,12942,14380,13842,15380,12942,SUPERIOR ROOM TWIN BED,MEMBER
2026-09-10 17:08:56,12942,14380,13842,15380,12942,SUPERIOR ROOM TWIN BED,MEMBER
2026-09-10 17:38:46,12933,14370,13833,15370,12933,SUPERIOR ROOM TWIN BED,MEMBER
2026-09-10 18:13:23,12933,14370,13833,15370,12933,SUPERIOR ROOM TWIN BED,MEMBER
2026-09-10 18:36:43,12933,14370,13833,15370,12933,SUPERIOR ROOM TWIN BED,MEMBER
2026-09-10 19:08:43,12933,14370,13833,15370,12933,SUPERIOR ROOM TWIN BED,MEMBER
2026-09-10 19:36:18,12933,14370,13833,15370,12933,SUPERIOR ROOM TWIN BED,MEMBER
2026-09-10 20:10:02,12933,14370,13833,15370,12933,SUPERIOR ROOM TWIN BED,MEMBER
2026-09-10 20:36:20,12933,14370,13833,15370,12933,SUPERIOR ROOM TWIN BED,MEMBER
2026-09-10 21:09:53,12933,14370,13833,15370,12933,SUPERIOR ROOM TWIN BED,MEMBER
2026-09-10 21:36:19,12933,14370,13833,15370,12933,SUPERIOR ROOM TWIN BED,MEMBER
2026-09-10 22:07:44,12933,14370,13833,15370,12933,SUPERIOR ROOM TWIN BED,MEMBER
2026-09-10 22:36:06,12933,14370,13833,15370,12933,SUPERIOR ROOM TWIN BED,MEMBER
2026-09-10 23:06:28,12933,14370,13833,15370,12933,SUPERIOR ROOM TWIN BED,MEMBER
2026-09-10 23:37:40,12933,14370,13833,15370,12933,SUPERIOR ROOM TWIN BED,MEMBER
2026-09-11 00:10:47,12933,14370,13833,15370,12933,SUPERIOR ROOM TWIN BED,MEMBER
2026-09-11 00:35:32,12933,14370,13833,15370,12933,SUPERIOR ROOM TWIN BED,MEMBER
2026-09-11 01:04:36,12933,14370,13833,15370,12933,SUPERIOR ROOM TWIN BED,MEMBER
2026-09-11 01:36:04,12933,14370,13833,15370,12933,SUPERIOR ROOM TWIN BED,MEMBER
2026-09-11 07:37:41,12933,14370,13833,15370,12933,SUPERIOR ROOM TWIN BED,MEMBER
2026-09-11 03:06:18,12933,14370,13833,15370,12933,SUPERIOR ROOM TWIN BED,MEMBER
2026-09-11 03:35:47,12933,14370,13833,15370,12933,SUPERIOR ROOM TWIN BED,MEMBER
2026-09-11 04:06:18,12933,14370,13833,15370,12933,SUPERIOR ROOM TWIN BED,MEMBER
2026-09-11 04:35:25,12933,14370,13833,15370,12933,SUPERIOR ROOM TWIN BED,MEMBER
2026-09-11 05:04:49,12987,14430,13887,15430,12987,SUPERIOR ROOM TWIN BED,MEMBER
2026-09-11 05:38:58,12987,14430,13887,15430,12987,SUPERIOR ROOM TWIN BED,MEMBER
2026-09-11 06:11:27,12987,14430,13887,15430,12987,SUPERIOR ROOM TWIN BED,MEMBER
2026-09-11 06:36:21,12987,14430,13887,15430,12987,SUPERIOR ROOM TWIN BED,MEMBER
2026-09-11 07:07:24,12987,14430,13887,15430,12987,SUPERIOR ROOM TWIN BED,MEMBER
2026-09-11 07:36:02,12987,14430,13887,15430,12987,SUPERIOR ROOM TWIN BED,MEMBER
2026-09-11 08:08:42,12987,14430,13887,15430,12987,SUPERIOR ROOM TWIN BED,MEMBER
2026-09-11 08:36:23,12987,14430,13887,15430,12987,SUPERIOR ROOM TWIN BED,MEMBER
2026-09-11 09:09:25,12987,14430,13887,15430,12987,SUPERIOR ROOM TWIN BED,MEMBER
2026-09-11 09:36:45,12987,14430,13887,15430,12987,SUPERIOR ROOM TWIN BED,MEMBER
2026-09-11 10:09:24,12987,14430,13887,15430,12987,SUPERIOR ROOM TWIN BED,MEMBER
2026-09-11 10:36:00,12987,14430,13887,15430,12987,SUPERIOR ROOM TWIN BED,MEMBER
2026-09-11 11:07:31,12987,14430,13887,15430,12987,SUPERIOR ROOM TWIN BED,MEMBER
2026-09-11 11:37:49,12969,14410,13869,15410,12969,SUPERIOR ROOM TWIN BED,MEMBER
2026-09-11 12:11:50,12969,14410,13869,15410,12969,SUPERIOR ROOM TWIN BED,MEMBER
2026-09-11 12:37:11,12969,14410,13869,15410,12969,SUPERIOR ROOM TWIN BED,MEMBER
2026-09-11 13:09:20,12969,14410,13869,15410,12969,SUPERIOR ROOM TWIN BED,MEMBER
2026-09-11 13:37:16,12969,14410,13869,15410,12969,SUPERIOR ROOM TWIN BED,MEMBER
2026-09-11 14:10:33,12969,14410,13869,15410,12969,SUPERIOR ROOM TWIN BED,MEMBER
2026-09-11 14:36:50,12969,14410,13869,15410,12969,SUPERIOR ROOM TWIN BED,MEMBER
2026-09-11 15:09:33,12969,14410,13869,15410,12969,SUPERIOR ROOM TWIN BED,MEMBER
2026-09-11 15:36:38,12969,14410,13869,15410,12969,SUPERIOR ROOM TWIN BED,MEMBER
2026-09-11 16:08:50,12969,14410,13869,15410,12969,SUPERIOR ROOM TWIN BED,MEMBER
2026-09-11 16:36:29,12969,14410,13869,15410,12969,SUPERIOR ROOM TWIN BED,MEMBER
2026-09-11 17:07:34,12969,14410,13869,15410,12969,SUPERIOR ROOM TWIN BED,MEMBER
2026-09-11 17:38:21,13122,14580,14022,15580,13122,SUPERIOR ROOM TWIN BED,MEMBER
2026-09-11 23:41:59,13122,14580,14022,15580,13122,SUPERIOR ROOM TWIN BED,MEMBER
2026-09-11 19:08:55,13122,14580,14022,15580,13122,SUPERIOR ROOM TWIN BED,MEMBER
2026-09-11 19:36:29,13122,14580,14022,15580,13122,SUPERIOR ROOM TWIN BED,MEMBER
2026-09-11 20:09:10,13122,14580,14022,15580,13122,SUPERIOR ROOM TWIN BED,MEMBER
2026-09-11 20:35:57,13122,14580,14022,15580,13122,SUPERIOR ROOM TWIN BED,MEMBER
2026-09-11 21:08:32,13122,14580,14022,15580,13122,SUPERIOR ROOM TWIN BED,MEMBER
2026-09-11 21:37:23,13122,14580,14022,15580,13122,SUPERIOR ROOM TWIN BED,MEMBER
2026-09-11 22:09:16,13122,14580,14022,15580,13122,SUPERIOR ROOM TWIN BED,MEMBER
2026-09-11 22:35:34,13122,14580,14022,15580,13122,SUPERIOR ROOM TWIN BED,MEMBER
2026-09-11 23:06:59,13122,14580,14022,15580,13122,SUPERIOR ROOM TWIN BED,MEMBER
2026-09-11 23:36:55,13122,14580,14022,15580,13122,SUPERIOR ROOM TWIN BED,MEMBER
2026-09-12 00:10:02,13122,14580,14022,15580,13122,SUPERIOR ROOM TWIN BED,MEMBER
2026-09-12 00:35:54,13122,14580,14022,15580,13122,SUPERIOR ROOM TWIN BED,MEMBER
2026-09-12 01:05:42,13122,14580,14022,15580,13122,SUPERIOR ROOM TWIN BED,MEMBER
2026-09-12 01:36:20,13122,14580,14022,15580,13122,SUPERIOR ROOM TWIN BED,MEMBER
2026-09-12 02:07:45,13122,14580,14022,15580,13122,SUPERIOR ROOM TWIN BED,MEMBER
2026-09-12 02:36:11,13122,14580,14022,15580,13122,SUPERIOR ROOM TWIN BED,MEMBER
2026-09-12 03:04:50,13122,14580,14022,15580,13122,SUPERIOR ROOM TWIN BED,MEMBER
2026-09-12 03:36:30,13122,14580,14022,15580,13122,SUPERIOR ROOM TWIN BED,MEMBER
2026-09-12 04:06:07,13122,14580,14022,15580,13122,SUPERIOR ROOM TWIN BED,MEMBER
2026-09-12 04:35:20,13122,14580,14022,15580,13122,SUPERIOR ROOM TWIN BED,MEMBER
2026-09-12 05:04:49,12897,14330,13797,15330,12897,SUPERIOR ROOM TWIN BED,MEMBER
2026-09-12 05:38:26,12897,14330,13797,15330,12897,SUPERIOR ROOM TWIN BED,MEMBER
2026-09-12 06:11:13,12897,14330,13797,15330,12897,SUPERIOR ROOM TWIN BED,MEMBER
2026-09-12 06:35:15,12897,14330,13797,15330,12897,SUPERIOR ROOM TWIN BED,MEMBER
2026-09-12 07:06:06,12897,14330,13797,15330,12897,SUPERIOR ROOM TWIN BED,MEMBER
2026-09-12 07:36:38,12897,14330,13797,15330,12897,SUPERIOR ROOM TWIN BED,MEMBER
2026-09-12 08:07:32,12897,14330,13797,15330,12897,SUPERIOR ROOM TWIN BED,MEMBER
2026-09-12 09:08:01,12897,14330,13797,15330,12897,SUPERIOR ROOM TWIN BED,MEMBER
2026-09-12 09:36:19,12897,14330,13797,15330,12897,SUPERIOR ROOM TWIN BED,MEMBER
2026-09-12 10:07:17,12897,14330,13797,15330,12897,SUPERIOR ROOM TWIN BED,MEMBER
2026-09-12 10:35:52,12897,14330,13797,15330,12897,SUPERIOR ROOM TWIN BED,MEMBER
2026-09-12 11:06:14,12897,14330,13797,15330,12897,SUPERIOR ROOM TWIN BED,MEMBER
2026-09-12 11:37:44,12897,14330,13797,15330,12897,SUPERIOR ROOM TWIN BED,MEMBER
2026-09-12 12:10:48,12897,14330,13797,15330,12897,SUPERIOR ROOM TWIN BED,MEMBER
2026-09-12 12:35:29,12897,14330,13797,15330,12897,SUPERIOR ROOM TWIN BED,MEMBER
2026-09-12 13:05:30,12897,14330,13797,15330,12897,SUPERIOR ROOM TWIN BED,MEMBER
2026-09-12 13:36:22,12897,14330,13797,15330,12897,SUPERIOR ROOM TWIN BED,MEMBER
2026-09-12 14:07:00,12897,14330,13797,15330,12897,SUPERIOR ROOM TWIN BED,MEMBER
2026-09-12 14:36:25,12897,14330,13797,15330,12897,SUPERIOR ROOM TWIN BED,MEMBER
2026-09-12 15:06:29,12897,14330,13797,15330,12897,SUPERIOR ROOM TWIN BED,MEMBER
2026-09-12 15:36:24,12897,14330,13797,15330,12897,SUPERIOR ROOM TWIN BED,MEMBER
2026-09-12 16:06:12,12897,14330,13797,15330,12897,SUPERIOR ROOM TWIN BED,MEMBER
2026-09-12 16:35:39,12897,14330,13797,15330,12897,SUPERIOR ROOM TWIN BED,MEMBER
2026-09-12 17:05:11,12897,14330,13797,15330,12897,SUPERIOR ROOM TWIN BED,MEMBER
2026-09-12 17:37:25,12897,14330,13797,15330,12897,SUPERIOR ROOM TWIN BED,MEMBER
2026-09-12 18:10:24,12897,14330,13797,15330,12897,SUPERIOR ROOM TWIN BED,MEMBER
2026-09-12 18:35:27,12897,14330,13797,15330,12897,SUPERIOR ROOM TWIN BED,MEMBER
2026-09-12 19:05:23,12897,14330,13797,15330,12897,SUPERIOR ROOM TWIN BED,MEMBER
2026-09-12 19:35:43,12897,14330,13797,15330,12897,SUPERIOR ROOM TWIN BED,MEMBER
2026-09-12 20:07:21,12897,14330,13797,15330,12897,SUPERIOR ROOM TWIN BED,MEMBER
2026-09-12 20:36:11,12897,14330,13797,15330,12897,SUPERIOR ROOM TWIN BED,MEMBER
2026-09-12 21:05:32,12897,14330,13797,15330,12897,SUPERIOR ROOM TWIN BED,MEMBER
2026-09-12 21:36:15,12897,14330,13797,15330,12897,SUPERIOR ROOM TWIN BED,MEMBER
2026-09-12 22:06:40,12897,14330,13797,15330,12897,SUPERIOR ROOM TWIN BED,MEMBER
2026-09-12 22:36:14,12897,14330,13797,15330,12897,SUPERIOR ROOM TWIN BED,MEMBER
2026-09-12 23:04:52,12897,14330,13797,15330,12897,SUPERIOR ROOM TWIN BED,MEMBER
2026-09-12 23:36:57,12897,14330,13797,15330,12897,SUPERIOR ROOM TWIN BED,MEMBER
2026-09-13 00:07:48,12897,14330,13797,15330,12897,SUPERIOR ROOM TWIN BED,MEMBER
2026-09-13 00:35:09,12897,14330,13797,15330,12897,SUPERIOR ROOM TWIN BED,MEMBER
2026-09-13 01:05:12,12897,14330,13797,15330,12897,SUPERIOR ROOM TWIN BED,MEMBER
2026-09-13 01:36:19,12897,14330,13797,15330,12897,SUPERIOR ROOM TWIN BED,MEMBER
2026-09-13 02:10:09,12897,14330,13797,15330,12897,SUPERIOR ROOM TWIN BED,MEMBER
2026-09-13 02:36:28,12897,14330,13797,15330,12897,SUPERIOR ROOM TWIN BED,MEMBER
2026-09-13 03:05:47,12897,14330,13797,15330,12897,SUPERIOR ROOM TWIN BED,MEMBER
2026-09-13 03:35:42,12897,14330,13797,15330,12897,SUPERIOR ROOM TWIN BED,MEMBER
2026-09-13 04:10:47,12897,14330,13797,15330,12897,SUPERIOR ROOM TWIN BED,MEMBER
2026-09-13 04:35:33,12897,14330,13797,15330,12897,SUPERIOR ROOM TWIN BED,MEMBER
2026-09-13 05:04:45,13131,14590,14031,15590,13131,SUPERIOR ROOM TWIN BED,MEMBER
2026-09-13 05:38:44,13131,14590,14031,15590,13131,SUPERIOR ROOM TWIN BED,MEMBER
2026-09-13 06:12:15,13131,14590,14031,15590,13131,SUPERIOR ROOM TWIN BED,MEMBER
2026-09-13 06:35:37,13131,14590,14031,15590,13131,SUPERIOR ROOM TWIN BED,MEMBER
2026-09-13 07:07:47,13131,14590,14031,15590,13131,SUPERIOR ROOM TWIN BED,MEMBER
2026-09-13 07:36:18,13131,14590,14031,15590,13131,SUPERIOR ROOM TWIN BED,MEMBER
2026-09-13 08:07:21,13131,14590,14031,15590,13131,SUPERIOR ROOM TWIN BED,MEMBER
2026-09-13 08:36:57,13131,14590,14031,15590,13131,SUPERIOR ROOM TWIN BED,MEMBER
2026-09-13 09:07:52,13131,14590,14031,15590,13131,SUPERIOR ROOM TWIN BED,MEMBER
2026-09-13 09:36:37,13131,14590,14031,15590,13131,SUPERIOR ROOM TWIN BED,MEMBER
2026-09-13 10:12:36,13131,14590,14031,15590,13131,SUPERIOR ROOM TWIN BED,MEMBER
2026-09-13 10:35:43,13131,14590,14031,15590,13131,SUPERIOR ROOM TWIN BED,MEMBER
2026-09-13 11:06:27,13131,14590,14031,15590,13131,SUPERIOR ROOM TWIN BED,MEMBER
2026-09-13 11:40:17,13131,14590,14031,15590,13131,SUPERIOR ROOM TWIN BED,MEMBER
2026-09-13 12:12:32,13131,14590,14031,15590,13131,SUPERIOR ROOM TWIN BED,MEMBER
2026-09-13 12:36:01,13131,14590,14031,15590,13131,SUPERIOR ROOM TWIN BED,MEMBER
2026-09-13 13:07:10,13131,14590,14031,15590,13131,SUPERIOR ROOM TWIN BED,MEMBER
2026-09-13 13:36:33,13131,14590,14031,15590,13131,SUPERIOR ROOM TWIN BED,MEMBER
2026-09-13 14:08:36,13131,14590,14031,15590,13131,SUPERIOR ROOM TWIN BED,MEMBER
2026-09-13 14:59:19,13131,14590,14031,15590,13131,SUPERIOR ROOM TWIN BED,MEMBER
2026-09-13 15:33:57,13131,14590,14031,15590,13131,SUPERIOR ROOM TWIN BED,MEMBER
2026-09-13 16:07:17,13131,14590,14031,15590,13131,SUPERIOR ROOM TWIN BED,MEMBER
2026-09-13 16:36:03,13131,14590,14031,15590,13131,SUPERIOR ROOM TWIN BED,MEMBER
2026-09-13 17:06:13,13131,14590,14031,15590,13131,SUPERIOR ROOM TWIN BED,MEMBER
2026-09-13 17:37:27,13131,14590,14031,15590,13131,SUPERIOR ROOM TWIN BED,MEMBER
2026-09-13 18:10:21,13131,14590,14031,15590,13131,SUPERIOR ROOM TWIN BED,MEMBER
2026-09-13 18:35:52,13131,14590,14031,15590,13131,SUPERIOR ROOM TWIN BED,MEMBER
2026-09-13 19:05:26,13131,14590,14031,15590,13131,SUPERIOR ROOM TWIN BED,MEMBER
2026-09-13 19:35:45,13131,14590,14031,15590,13131,SUPERIOR ROOM TWIN BED,MEMBER
2026-09-13 20:06:41,13131,14590,14031,15590,13131,SUPERIOR ROOM TWIN BED,MEMBER
2026-09-13 20:36:12,13131,14590,14031,15590,13131,SUPERIOR ROOM TWIN BED,MEMBER
2026-09-13 21:06:31,13131,14590,14031,15590,13131,SUPERIOR ROOM TWIN BED,MEMBER
2026-09-13 21:36:32,13131,14590,14031,15590,13131,SUPERIOR ROOM TWIN BED,MEMBER
2026-09-13 22:07:16,13131,14590,14031,15590,13131,SUPERIOR ROOM TWIN BED,MEMBER
2026-09-13 22:35:50,13131,14590,14031,15590,13131,SUPERIOR ROOM TWIN BED,MEMBER
2026-09-13 23:05:26,13131,14590,14031,15590,13131,SUPERIOR ROOM TWIN BED,MEMBER
2026-09-13 23:37:20,13131,14590,14031,15590,13131,SUPERIOR ROOM TWIN BED,MEMBER
2026-09-14 00:09:21,13131,14590,14031,15590,13131,SUPERIOR ROOM TWIN BED,MEMBER
2026-09-14 06:05:03,13131,14590,14031,15590,13131,SUPERIOR ROOM TWIN BED,MEMBER
2026-09-14 01:36:40,13131,14590,14031,15590,13131,SUPERIOR ROOM TWIN BED,MEMBER
2026-09-14 02:07:08,13131,14590,14031,15590,13131,SUPERIOR ROOM TWIN BED,MEMBER
2026-09-14 02:36:06,13131,14590,14031,15590,13131,SUPERIOR ROOM TWIN BED,MEMBER
2026-09-14 03:05:56,13131,14590,14031,15590,13131,SUPERIOR ROOM TWIN BED,MEMBER
2026-09-14 03:36:35,13131,14590,14031,15590,13131,SUPERIOR ROOM TWIN BED,MEMBER
2026-09-14 04:07:32,13167,14630,14067,15630,13167,SUPERIOR ROOM TWIN BED,MEMBER
2026-09-14 04:35:41,13167,14630,14067,15630,13167,SUPERIOR ROOM TWIN BED,MEMBER
2026-09-14 05:05:49,13167,14630,14067,15630,13167,SUPERIOR ROOM TWIN BED,MEMBER
2026-09-14 05:39:10,13167,14630,14067,15630,13167,SUPERIOR ROOM TWIN BED,MEMBER
2026-09-14 06:13:44,13167,14630,14067,15630,13167,SUPERIOR ROOM TWIN BED,MEMBER
2026-09-14 06:37:13,13167,14630,14067,15630,13167,SUPERIOR ROOM TWIN BED,MEMBER
2026-09-14 07:07:44,13167,14630,14067,15630,13167,SUPERIOR ROOM TWIN BED,MEMBER
2026-09-14 07:36:53,13167,14630,14067,15630,13167,SUPERIOR ROOM TWIN BED,MEMBER
2026-09-14 08:09:07,13167,14630,14067,15630,13167,SUPERIOR ROOM TWIN BED,MEMBER
2026-09-14 08:36:22,13167,14630,14067,15630,13167,SUPERIOR ROOM TWIN BED,MEMBER
2026-09-14 09:10:33,13167,14630,14067,15630,13167,SUPERIOR ROOM TWIN BED,MEMBER
2026-09-14 09:36:36,13167,14630,14067,15630,13167,SUPERIOR ROOM TWIN BED,MEMBER
2026-09-14 10:10:47,13167,14630,14067,15630,13167,SUPERIOR ROOM TWIN BED,MEMBER
2026-09-14 10:36:10,13167,14630,14067,15630,13167,SUPERIOR ROOM TWIN BED,MEMBER
2026-09-14 11:07:51,13167,14630,14067,15630,13167,SUPERIOR ROOM TWIN BED,MEMBER
2026-09-14 17:08:34,13167,14630,14067,15630,13167,SUPERIOR ROOM TWIN BED,MEMBER
2026-09-14 12:37:58,13167,14630,14067,15630,13167,SUPERIOR ROOM TWIN BED,MEMBER
2026-09-14 13:09:31,13167,14630,14067,15630,13167,SUPERIOR ROOM TWIN BED,MEMBER
2026-09-14 13:36:55,13167,14630,14067,15630,13167,SUPERIOR ROOM TWIN BED,MEMBER
2026-09-14 14:10:16,13167,14630,14067,15630,13167,SUPERIOR ROOM TWIN BED,MEMBER
2026-09-14 14:37:58,13167,14630,14067,15630,13167,SUPERIOR ROOM TWIN BED,MEMBER
2026-09-14 15:09:52,13167,14630,14067,15630,13167,SUPERIOR ROOM TWIN BED,MEMBER
2026-09-14 15:36:43,13167,14630,14067,15630,13167,SUPERIOR ROOM TWIN BED,MEMBER
2026-09-14 16:09:02,13167,14630,14067,15630,13167,SUPERIOR ROOM TWIN BED,MEMBER
2026-09-14 16:36:29,13167,14630,14067,15630,13167,SUPERIOR ROOM TWIN BED,MEMBER
2026-09-14 17:09:53,13167,14630,14067,15630,13167,SUPERIOR ROOM TWIN BED,MEMBER
2026-09-14 17:38:05,13212,14680,14112,15680,13212,SUPERIOR ROOM TWIN BED,MEMBER
2026-09-14 18:13:57,13212,14680,14112,15680,13212,SUPERIOR ROOM TWIN BED,MEMBER
2026-09-14 18:39:13,13212,14680,14112,15680,13212,SUPERIOR ROOM TWIN BED,MEMBER
2026-09-14 19:10:04,13212,14680,14112,15680,13212,SUPERIOR ROOM TWIN BED,MEMBER
2026-09-14 19:36:59,13212,14680,14112,15680,13212,SUPERIOR ROOM TWIN BED,MEMBER
2026-09-14 20:11:47,13212,14680,14112,15680,13212,SUPERIOR ROOM TWIN BED,MEMBER
2026-09-14 20:39:20,13212,14680,14112,15680,13212,SUPERIOR ROOM TWIN BED,MEMBER
2026-09-14 21:10:33,13212,14680,14112,15680,13212,SUPERIOR ROOM TWIN BED,MEMBER
2026-09-14 21:36:47,13212,14680,14112,15680,13212,SUPERIOR ROOM TWIN BED,MEMBER
2026-09-14 22:09:50,13212,14680,14112,15680,13212,SUPERIOR ROOM TWIN BED,MEMBER
2026-09-14 22:35:22,13212,14680,14112,15680,13212,SUPERIOR ROOM TWIN BED,MEMBER
2026-09-14 23:08:40,13212,14680,14112,15680,13212,SUPERIOR ROOM TWIN BED,MEMBER
2026-09-14 23:36:56,13212,14680,14112,15680,13212,SUPERIOR ROOM TWIN BED,MEMBER
2026-09-15 00:12:40,13212,14680,14112,15680,13212,SUPERIOR ROOM TWIN BED,MEMBER
2026-09-15 00:36:59,13212,14680,14112,15680,13212,SUPERIOR ROOM TWIN BED,MEMBER
2026-09-15 01:08:29,13212,14680,14112,15680,13212,SUPERIOR ROOM TWIN BED,MEMBER
2026-09-15 01:37:25,13212,14680,14112,15680,13212,SUPERIOR ROOM TWIN BED,MEMBER
2026-09-15 02:08:19,13212,14680,14112,15680,13212,SUPERIOR ROOM TWIN BED,MEMBER
2026-09-15 02:36:18,13212,14680,14112,15680,13212,SUPERIOR ROOM TWIN BED,MEMBER
2026-09-15 03:08:36,13212,14680,14112,15680,13212,SUPERIOR ROOM TWIN BED,MEMBER
2026-09-15 03:36:33,13212,14680,14112,15680,13212,SUPERIOR ROOM TWIN BED,MEMBER
2026-09-15 04:09:38,13212,14680,14112,15680,13212,SUPERIOR ROOM TWIN BED,MEMBER
2026-09-15 04:36:09,13212,14680,14112,15680,13212,SUPERIOR ROOM TWIN BED,MEMBER
2026-09-15 05:04:58,13221,14690,14121,15690,13221,SUPERIOR ROOM TWIN BED,MEMBER
2026-09-15 05:38:39,13221,14690,14121,15690,13221,SUPERIOR ROOM TWIN BED,MEMBER
2026-09-15 06:14:00,13221,14690,14121,15690,13221,SUPERIOR ROOM TWIN BED,MEMBER
2026-09-15 06:37:17,13221,14690,14121,15690,13221,SUPERIOR ROOM TWIN BED,MEMBER
2026-09-15 07:09:33,13221,14690,14121,15690,13221,SUPERIOR ROOM TWIN BED,MEMBER
2026-09-15 07:37:47,13221,14690,14121,15690,13221,SUPERIOR ROOM TWIN BED,MEMBER
2026-09-15 08:09:54,13221,14690,14121,15690,13221,SUPERIOR ROOM TWIN BED,MEMBER
2026-09-15 08:37:13,13221,14690,14121,15690,13221,SUPERIOR ROOM TWIN BED,MEMBER
2026-09-15 09:10:36,13221,14690,14121,15690,13221,SUPERIOR ROOM TWIN BED,MEMBER
2026-09-15 09:36:48,13221,14690,14121,15690,13221,SUPERIOR ROOM TWIN BED,MEMBER
2026-09-15 10:10:34,13221,14690,14121,15690,13221,SUPERIOR ROOM TWIN BED,MEMBER
2026-09-15 10:36:48,13221,14690,14121,15690,13221,SUPERIOR ROOM TWIN BED,MEMBER
2026-09-15 11:10:04,13221,14690,14121,15690,13221,SUPERIOR ROOM TWIN BED,MEMBER
2026-09-15 11:38:12,13221,14690,14121,15690,13221,SUPERIOR ROOM TWIN BED,MEMBER
2026-09-15 12:14:04,13221,14690,14121,15690,13221,SUPERIOR ROOM TWIN BED,MEMBER
2026-09-15 12:38:55,13221,14690,14121,15690,13221,SUPERIOR ROOM TWIN BED,MEMBER
2026-09-15 13:09:59,13221,14690,14121,15690,13221,SUPERIOR ROOM TWIN BED,MEMBER
2026-09-15 13:37:52,13221,14690,14121,15690,13221,SUPERIOR ROOM TWIN BED,MEMBER
2026-09-15 14:11:24,13221,14690,14121,15690,13221,SUPERIOR ROOM TWIN BED,MEMBER
2026-09-15 14:38:28,13221,14690,14121,15690,13221,SUPERIOR ROOM TWIN BED,MEMBER
2026-09-15 15:12:37,13221,14690,14121,15690,13221,SUPERIOR ROOM TWIN BED,MEMBER
2026-09-15 15:37:08,13221,14690,14121,15690,13221,SUPERIOR ROOM TWIN BED,MEMBER
2026-09-15 16:09:33,13221,14690,14121,15690,13221,SUPERIOR ROOM TWIN BED,MEMBER
2026-09-15 16:36:43,13221,14690,14121,15690,13221,SUPERIOR ROOM TWIN BED,MEMBER
2026-09-15 17:08:07,13221,14690,14121,15690,13221,SUPERIOR ROOM TWIN BED,MEMBER
2026-09-15 17:37:39,13221,14690,14121,15690,13221,SUPERIOR ROOM TWIN BED,MEMBER
2026-09-15 18:12:54,13221,14690,14121,15690,13221,SUPERIOR ROOM TWIN BED,MEMBER
2026-09-15 18:37:13,13221,14690,14121,15690,13221,SUPERIOR ROOM TWIN BED,MEMBER
2026-09-15 19:09:08,13221,14690,14121,15690,13221,SUPERIOR ROOM TWIN BED,MEMBER
2026-09-15 19:36:31,13221,14690,14121,15690,13221,SUPERIOR ROOM TWIN BED,MEMBER
2026-09-15 20:09:09,13221,14690,14121,15690,13221,SUPERIOR ROOM TWIN BED,MEMBER
2026-09-15 20:36:48,13221,14690,14121,15690,13221,SUPERIOR ROOM TWIN BED,MEMBER
2026-09-15 21:08:45,13221,14690,14121,15690,13221,SUPERIOR ROOM TWIN BED,MEMBER
2026-09-15 21:36:18,13221,14690,14121,15690,13221,SUPERIOR ROOM TWIN BED,MEMBER
2026-09-16 03:39:26,13221,14690,14121,15690,13221,SUPERIOR ROOM TWIN BED,MEMBER
2026-09-15 23:06:36,13221,14690,14121,15690,13221,SUPERIOR ROOM TWIN BED,MEMBER
2026-09-15 23:36:59,13221,14690,14121,15690,13221,SUPERIOR ROOM TWIN BED,MEMBER
2026-09-16 00:10:39,13221,14690,14121,15690,13221,SUPERIOR ROOM TWIN BED,MEMBER
2026-09-16 00:35:39,13221,14690,14121,15690,13221,SUPERIOR ROOM TWIN BED,MEMBER
2026-09-16 01:07:13,13221,14690,14121,15690,13221,SUPERIOR ROOM TWIN BED,MEMBER
2026-09-16 01:37:38,13221,14690,14121,15690,13221,SUPERIOR ROOM TWIN BED,MEMBER
2026-09-16 02:07:28,13221,14690,14121,15690,13221,SUPERIOR ROOM TWIN BED,MEMBER
2026-09-16 02:36:11,13221,14690,14121,15690,13221,SUPERIOR ROOM TWIN BED,MEMBER
2026-09-16 03:05:52,13221,14690,14121,15690,13221,SUPERIOR ROOM TWIN BED,MEMBER
2026-09-16 03:36:43,13221,14690,14121,15690,13221,SUPERIOR ROOM TWIN BED,MEMBER
2026-09-16 04:06:37,13221,14690,14121,15690,13221,SUPERIOR ROOM TWIN BED,MEMBER
2026-09-16 04:35:55,13266,14740,14166,15740,13266,SUPERIOR ROOM TWIN BED,MEMBER
2026-09-16 05:06:20,13266,14740,14166,15740,13266,SUPERIOR ROOM TWIN BED,MEMBER
2026-09-16 05:38:11,13266,14740,14166,15740,13266,SUPERIOR ROOM TWIN BED,MEMBER
2026-09-16 06:12:01,13266,14740,14166,15740,13266,SUPERIOR ROOM TWIN BED,MEMBER
2026-09-16 06:36:13,13266,14740,14166,15740,13266,SUPERIOR ROOM TWIN BED,MEMBER
2026-09-16 07:06:35,13266,14740,14166,15740,13266,SUPERIOR ROOM TWIN BED,MEMBER
2026-09-16 07:36:39,13266,14740,14166,15740,13266,SUPERIOR ROOM TWIN BED,MEMBER
2026-09-16 08:09:01,13266,14740,14166,15740,13266,SUPERIOR ROOM TWIN BED,MEMBER
2026-09-16 08:36:36,13266,14740,14166,15740,13266,SUPERIOR ROOM TWIN BED,MEMBER
2026-09-16 09:09:10,13266,14740,14166,15740,13266,SUPERIOR ROOM TWIN BED,MEMBER
2026-09-16 09:36:23,13266,14740,14166,15740,13266,SUPERIOR ROOM TWIN BED,MEMBER
2026-09-16 10:09:48,13266,14740,14166,15740,13266,SUPERIOR ROOM TWIN BED,MEMBER
2026-09-16 10:35:59,13266,14740,14166,15740,13266,SUPERIOR ROOM TWIN BED,MEMBER
2026-09-16 11:08:17,13266,14740,14166,15740,13266,SUPERIOR ROOM TWIN BED,MEMBER
2026-09-16 11:37:52,13266,14740,14166,15740,13266,SUPERIOR ROOM TWIN BED,MEMBER
2026-09-16 12:13:03,13266,14740,14166,15740,13266,SUPERIOR ROOM TWIN BED,MEMBER
2026-09-16 12:37:29,13266,14740,14166,15740,13266,SUPERIOR ROOM TWIN BED,MEMBER
2026-09-16 13:09:01,13266,14740,14166,15740,13266,SUPERIOR ROOM TWIN BED,MEMBER
2026-09-16 13:36:48,13266,14740,14166,15740,13266,SUPERIOR ROOM TWIN BED,MEMBER
2026-09-16 14:10:10,13266,14740,14166,15740,13266,SUPERIOR ROOM TWIN BED,MEMBER
2026-09-16 14:36:36,13266,14740,14166,15740,13266,SUPERIOR ROOM TWIN BED,MEMBER
2026-09-16 15:09:25,13266,14740,14166,15740,13266,SUPERIOR ROOM TWIN BED,MEMBER
2026-09-16 15:36:29,13266,14740,14166,15740,13266,SUPERIOR ROOM TWIN BED,MEMBER
2026-09-16 16:09:19,13266,14740,14166,15740,13266,SUPERIOR ROOM TWIN BED,MEMBER
2026-09-16 16:36:25,13266,14740,14166,15740,13266,SUPERIOR ROOM TWIN BED,MEMBER
2026-09-16 17:09:24,13266,14740,14166,15740,13266,SUPERIOR ROOM TWIN BED,MEMBER
2026-09-16 17:38:07,13266,14740,14166,15740,13266,SUPERIOR ROOM TWIN BED,MEMBER
2026-09-16 18:12:54,13266,14740,14166,15740,13266,SUPERIOR ROOM TWIN BED,MEMBER
2026-09-16 18:39:47,13266,14740,14166,15740,13266,SUPERIOR ROOM TWIN BED,MEMBER
2026-09-16 19:09:24,13266,14740,14166,15740,13266,SUPERIOR ROOM TWIN BED,MEMBER
2026-09-16 19:37:07,13266,14740,14166,15740,13266,SUPERIOR ROOM TWIN BED,MEMBER
2026-09-16 20:09:10,13266,14740,14166,15740,13266,SUPERIOR ROOM TWIN BED,MEMBER
2026-09-16 20:36:53,13266,14740,14166,15740,13266,SUPERIOR ROOM TWIN BED,MEMBER
2026-09-16 21:08:22,13266,14740,14166,15740,13266,SUPERIOR ROOM TWIN BED,MEMBER
2026-09-16 21:37:24,13266,14740,14166,15740,13266,SUPERIOR ROOM TWIN BED,MEMBER
2026-09-16 22:08:21,13266,14740,14166,15740,13266,SUPERIOR ROOM TWIN BED,MEMBER
2026-09-16 22:35:59,13266,14740,14166,15740,13266,SUPERIOR ROOM TWIN BED,MEMBER
2026-09-16 23:07:36,13266,14740,14166,15740,13266,SUPERIOR ROOM TWIN BED,MEMBER
2026-09-16 23:37:39,13266,14740,14166,15740,13266,SUPERIOR ROOM TWIN BED,MEMBER
2026-09-17 00:11:24,13266,14740,14166,15740,13266,SUPERIOR ROOM TWIN BED,MEMBER
2026-09-17 00:35:48,13266,14740,14166,15740,13266,SUPERIOR ROOM TWIN BED,MEMBER
2026-09-17 01:06:43,13266,14740,14166,15740,13266,SUPERIOR ROOM TWIN BED,MEMBER
2026-09-17 01:37:42,13266,14740,14166,15740,13266,SUPERIOR ROOM TWIN BED,MEMBER
2026-09-17 02:08:43,13266,14740,14166,15740,13266,SUPERIOR ROOM TWIN BED,MEMBER
2026-09-17 02:36:40,13266,14740,14166,15740,13266,SUPERIOR ROOM TWIN BED,MEMBER
2026-09-17 03:08:51,13266,14740,14166,15740,13266,SUPERIOR ROOM TWIN BED,MEMBER
2026-09-17 03:36:01,13266,14740,14166,15740,13266,SUPERIOR ROOM TWIN BED,MEMBER
2026-09-17 04:07:13,13266,14740,14166,15740,13266,SUPERIOR ROOM TWIN BED,MEMBER
2026-09-17 04:36:31,13266,14740,14166,15740,13266,SUPERIOR ROOM TWIN BED,MEMBER
2026-09-17 05:06:49,13023,14470,13923,15470,13023,SUPERIOR ROOM TWIN BED,MEMBER
2026-09-17 05:37:49,13023,14470,13923,15470,13023,SUPERIOR ROOM TWIN BED,MEMBER
2026-09-17 06:12:40,13023,14470,13923,15470,13023,SUPERIOR ROOM TWIN BED,MEMBER
2026-09-17 06:36:41,13023,14470,13923,15470,13023,SUPERIOR ROOM TWIN BED,MEMBER
2026-09-17 07:07:48,13023,14470,13923,15470,13023,SUPERIOR ROOM TWIN BED,MEMBER
2026-09-17 07:36:35,13023,14470,13923,15470,13023,SUPERIOR ROOM TWIN BED,MEMBER
2026-09-17 08:08:38,13023,14470,13923,15470,13023,SUPERIOR ROOM TWIN BED,MEMBER
2026-09-17 08:36:16,13023,14470,13923,15470,13023,SUPERIOR ROOM TWIN BED,MEMBER
2026-09-17 09:09:28,13023,14470,13923,15470,13023,SUPERIOR ROOM TWIN BED,MEMBER
2026-09-17 09:36:39,13023,14470,13923,15470,13023,SUPERIOR ROOM TWIN BED,MEMBER
2026-09-17 10:09:20,13023,14470,13923,15470,13023,SUPERIOR ROOM TWIN BED,MEMBER
2026-09-17 10:36:12,13023,14470,13923,15470,13023,SUPERIOR ROOM TWIN BED,MEMBER
2026-09-17 11:08:29,13023,14470,13923,15470,13023,SUPERIOR ROOM TWIN BED,MEMBER
2026-09-17 11:38:11,13023,14470,13923,15470,13023,SUPERIOR ROOM TWIN BED,MEMBER
2026-09-17 12:12:54,13023,14470,13923,15470,13023,SUPERIOR ROOM TWIN BED,MEMBER
2026-09-17 12:38:05,13023,14470,13923,15470,13023,SUPERIOR ROOM TWIN BED,MEMBER
2026-09-17 13:09:49,13023,14470,13923,15470,13023,SUPERIOR ROOM TWIN BED,MEMBER
2026-09-17 13:37:03,13023,14470,13923,15470,13023,SUPERIOR ROOM TWIN BED,MEMBER
2026-09-17 14:08:20,13023,14470,13923,15470,13023,SUPERIOR ROOM TWIN BED,MEMBER
2026-09-17 14:36:21,13023,14470,13923,15470,13023,SUPERIOR ROOM TWIN BED,MEMBER
2026-09-17 15:09:21,13023,14470,13923,15470,13023,SUPERIOR ROOM TWIN BED,MEMBER
2026-09-17 15:36:22,13023,14470,13923,15470,13023,SUPERIOR ROOM TWIN BED,MEMBER
2026-09-17 16:08:49,13023,14470,13923,15470,13023,SUPERIOR ROOM TWIN BED,MEMBER
2026-09-17 16:36:11,13023,14470,13923,15470,13023,SUPERIOR ROOM TWIN BED,MEMBER
2026-09-17 17:07:52,13023,14470,13923,15470,13023,SUPERIOR ROOM TWIN BED,MEMBER
2026-09-17 17:38:23,13023,14470,13923,15470,13023,SUPERIOR ROOM TWIN BED,MEMBER
2026-09-17 18:12:09,13023,14470,13923,15470,13023,SUPERIOR ROOM TWIN BED,MEMBER
2026-09-17 18:37:57,13023,14470,13923,15470,13023,SUPERIOR ROOM TWIN BED,MEMBER
2026-09-17 19:08:46,13023,14470,13923,15470,13023,SUPERIOR ROOM TWIN BED,MEMBER
2026-09-17 19:37:02,13023,14470,13923,15470,13023,SUPERIOR ROOM TWIN BED,MEMBER
2026-09-17 20:08:31,13023,14470,13923,15470,13023,SUPERIOR ROOM TWIN BED,MEMBER
2026-09-17 20:36:55,13023,14470,13923,15470,13023,SUPERIOR ROOM TWIN BED,MEMBER
2026-09-17 21:07:50,13023,14470,13923,15470,13023,SUPERIOR ROOM TWIN BED,MEMBER
2026-09-17 21:37:12,13023,14470,13923,15470,13023,SUPERIOR ROOM TWIN BED,MEMBER
2026-09-18 03:38:40,13023,14470,13923,15470,13023,SUPERIOR ROOM TWIN BED,MEMBER
2026-09-17 23:06:41,13023,14470,13923,15470,13023,SUPERIOR ROOM TWIN BED,MEMBER
2026-09-17 23:37:30,13023,14470,13923,15470,13023,SUPERIOR ROOM TWIN BED,MEMBER
2026-09-18 00:11:23,13023,14470,13923,15470,13023,SUPERIOR ROOM TWIN BED,MEMBER
2026-09-18 00:35:39,13023,14470,13923,15470,13023,SUPERIOR ROOM TWIN BED,MEMBER
2026-09-18 01:06:20,13023,14470,13923,15470,13023,SUPERIOR ROOM TWIN BED,MEMBER
2026-09-18 01:36:53,13023,14470,13923,15470,13023,SUPERIOR ROOM TWIN BED,MEMBER
2026-09-18 02:07:30,13023,14470,13923,15470,13023,SUPERIOR ROOM TWIN BED,MEMBER
2026-09-18 02:36:28,13023,14470,13923,15470,13023,SUPERIOR ROOM TWIN BED,MEMBER
2026-09-18 03:06:01,13023,14470,13923,15470,13023,SUPERIOR ROOM TWIN BED,MEMBER
2026-09-18 03:36:31,13023,14470,13923,15470,13023,SUPERIOR ROOM TWIN BED,MEMBER
2026-09-18 04:04:31,13023,14470,13923,15470,13023,SUPERIOR ROOM TWIN BED,MEMBER
2026-09-18 04:35:23,13068,14520,13968,15520,13068,SUPERIOR ROOM TWIN BED,MEMBER
2026-09-18 05:04:29,13068,14520,13968,15520,13068,SUPERIOR ROOM TWIN BED,MEMBER
2026-09-18 05:38:06,13068,14520,13968,15520,13068,SUPERIOR ROOM TWIN BED,MEMBER
2026-09-18 06:11:29,13068,14520,13968,15520,13068,SUPERIOR ROOM TWIN BED,MEMBER
2026-09-18 06:36:01,13068,14520,13968,15520,13068,SUPERIOR ROOM TWIN BED,MEMBER
2026-09-18 07:05:56,13068,14520,13968,15520,13068,SUPERIOR ROOM TWIN BED,MEMBER
2026-09-18 07:36:27,13068,14520,13968,15520,13068,SUPERIOR ROOM TWIN BED,MEMBER
2026-09-18 08:08:33,13068,14520,13968,15520,13068,SUPERIOR ROOM TWIN BED,MEMBER
2026-09-18 08:36:24,13068,14520,13968,15520,13068,SUPERIOR ROOM TWIN BED,MEMBER
2026-09-18 09:07:59,13068,14520,13968,15520,13068,SUPERIOR ROOM TWIN BED,MEMBER
2026-09-18 09:36:40,13068,14520,13968,15520,13068,SUPERIOR ROOM TWIN BED,MEMBER
2026-09-18 10:08:27,13068,14520,13968,15520,13068,SUPERIOR ROOM TWIN BED,MEMBER
2026-09-18 10:35:43,13068,14520,13968,15520,13068,SUPERIOR ROOM TWIN BED,MEMBER
2026-09-18 11:07:00,13068,14520,13968,15520,13068,SUPERIOR ROOM TWIN BED,MEMBER
2026-09-18 11:37:35,12852,14280,13752,15280,12852,SUPERIOR ROOM TWIN BED,MEMBER
2026-09-18 12:11:42,12852,14280,13752,15280,12852,SUPERIOR ROOM TWIN BED,MEMBER
2026-09-18 12:36:52,12852,14280,13752,15280,12852,SUPERIOR ROOM TWIN BED,MEMBER
2026-09-18 13:08:44,12852,14280,13752,15280,12852,SUPERIOR ROOM TWIN BED,MEMBER
2026-09-18 13:36:47,12852,14280,13752,15280,12852,SUPERIOR ROOM TWIN BED,MEMBER
2026-09-18 14:09:11,12852,14280,13752,15280,12852,SUPERIOR ROOM TWIN BED,MEMBER
2026-09-18 14:36:24,12852,14280,13752,15280,12852,SUPERIOR ROOM TWIN BED,MEMBER
2026-09-18 15:08:13,12852,14280,13752,15280,12852,SUPERIOR ROOM TWIN BED,MEMBER
2026-09-18 15:36:35,12852,14280,13752,15280,12852,SUPERIOR ROOM TWIN BED,MEMBER
2026-09-18 16:07:59,12852,14280,13752,15280,12852,SUPERIOR ROOM TWIN BED,MEMBER
2026-09-18 16:36:25,12852,14280,13752,15280,12852,SUPERIOR ROOM TWIN BED,MEMBER
2026-09-18 17:07:01,12852,14280,13752,15280,12852,SUPERIOR ROOM TWIN BED,MEMBER
2026-09-18 17:37:39,12852,14280,13752,15280,12852,SUPERIOR ROOM TWIN BED,MEMBER
2026-09-18 18:11:02,12852,14280,13752,15280,12852,SUPERIOR ROOM TWIN BED,MEMBER
2026-09-18 18:35:37,12852,14280,13752,15280,12852,SUPERIOR ROOM TWIN BED,MEMBER
2026-09-18 19:07:27,12852,14280,13752,15280,12852,SUPERIOR ROOM TWIN BED,MEMBER
2026-09-18 19:36:07,12852,14280,13752,15280,12852,SUPERIOR ROOM TWIN BED,MEMBER
2026-09-19 01:38:05,12852,14280,13752,15280,12852,SUPERIOR ROOM TWIN BED,MEMBER
2026-09-18 21:08:11,12852,14280,13752,15280,12852,SUPERIOR ROOM TWIN BED,MEMBER
2026-09-18 21:36:15,12852,14280,13752,15280,12852,SUPERIOR ROOM TWIN BED,MEMBER
2026-09-18 22:07:55,12852,14280,13752,15280,12852,SUPERIOR ROOM TWIN BED,MEMBER
2026-09-18 22:36:33,12852,14280,13752,15280,12852,SUPERIOR ROOM TWIN BED,MEMBER
2026-09-18 23:04:17,12852,14280,13752,15280,12852,SUPERIOR ROOM TWIN BED,MEMBER
2026-09-18 23:37:06,12852,14280,13752,15280,12852,SUPERIOR ROOM TWIN BED,MEMBER
2026-09-19 00:09:31,12852,14280,13752,15280,12852,SUPERIOR ROOM TWIN BED,MEMBER
2026-09-19 00:36:33,12852,14280,13752,15280,12852,SUPERIOR ROOM TWIN BED,MEMBER
2026-09-19 01:04:32,12852,14280,13752,15280,12852,SUPERIOR ROOM TWIN BED,MEMBER
2026-09-19 01:36:11,12852,14280,13752,15280,12852,SUPERIOR ROOM TWIN BED,MEMBER
2026-09-19 02:06:59,12852,14280,13752,15280,12852,SUPERIOR ROOM TWIN BED,MEMBER
2026-09-19 02:36:22,12852,14280,13752,15280,12852,SUPERIOR ROOM TWIN BED,MEMBER
2026-09-19 03:06:38,12852,14280,13752,15280,12852,SUPERIOR ROOM TWIN BED,MEMBER
2026-09-19 03:36:20,12852,14280,13752,15280,12852,SUPERIOR ROOM TWIN BED,MEMBER
2026-09-19 04:06:21,12852,14280,13752,15280,12852,SUPERIOR ROOM TWIN BED,MEMBER
2026-09-19 04:36:02,12852,14280,13752,15280,12852,SUPERIOR ROOM TWIN BED,MEMBER
2026-09-19 05:05:26,12537,13930,13437,14930,12537,SUPERIOR ROOM TWIN BED,MEMBER
2026-09-19 05:38:16,12537,13930,13437,14930,12537,SUPERIOR ROOM TWIN BED,MEMBER
2026-09-19 06:11:12,12537,13930,13437,14930,12537,SUPERIOR ROOM TWIN BED,MEMBER
2026-09-19 06:35:45,12537,13930,13437,14930,12537,SUPERIOR ROOM TWIN BED,MEMBER
2026-09-19 07:07:25,12537,13930,13437,14930,12537,SUPERIOR ROOM TWIN BED,MEMBER
2026-09-19 07:36:18,12537,13930,13437,14930,12537,SUPERIOR ROOM TWIN BED,MEMBER
2026-09-19 08:07:04,12537,13930,13437,14930,12537,SUPERIOR ROOM TWIN BED,MEMBER
2026-09-19 08:36:17,12537,13930,13437,14930,12537,SUPERIOR ROOM TWIN BED,MEMBER
2026-09-19 09:07:45,12537,13930,13437,14930,12537,SUPERIOR ROOM TWIN BED,MEMBER
2026-09-19 09:36:36,12537,13930,13437,14930,12537,SUPERIOR ROOM TWIN BED,MEMBER
2026-09-19 10:07:08,12537,13930,13437,14930,12537,SUPERIOR ROOM TWIN BED,MEMBER
2026-09-19 10:35:31,12537,13930,13437,14930,12537,SUPERIOR ROOM TWIN BED,MEMBER
2026-09-19 11:06:13,12537,13930,13437,14930,12537,SUPERIOR ROOM TWIN BED,MEMBER
2026-09-19 11:37:56,12537,13930,13437,14930,12537,SUPERIOR ROOM TWIN BED,MEMBER
2026-09-19 12:10:01,12537,13930,13437,14930,12537,SUPERIOR ROOM TWIN BED,MEMBER
2026-09-19 12:35:33,12537,13930,13437,14930,12537,SUPERIOR ROOM TWIN BED,MEMBER
2026-09-19 13:05:50,12537,13930,13437,14930,12537,SUPERIOR ROOM TWIN BED,MEMBER
2026-09-19 13:37:04,12537,13930,13437,14930,12537,SUPERIOR ROOM TWIN BED,MEMBER
2026-09-19 14:08:10,12537,13930,13437,14930,12537,SUPERIOR ROOM TWIN BED,MEMBER
2026-09-19 14:35:52,12537,13930,13437,14930,12537,SUPERIOR ROOM TWIN BED,MEMBER
2026-09-19 15:06:39,12537,13930,13437,14930,12537,SUPERIOR ROOM TWIN BED,MEMBER
2026-09-19 15:36:29,12537,13930,13437,14930,12537,SUPERIOR ROOM TWIN BED,MEMBER
2026-09-19 16:06:17,12537,13930,13437,14930,12537,SUPERIOR ROOM TWIN BED,MEMBER
2026-09-19 16:35:28,12537,13930,13437,14930,12537,SUPERIOR ROOM TWIN BED,MEMBER
2026-09-19 17:05:07,12537,13930,13437,14930,12537,SUPERIOR ROOM TWIN BED,MEMBER
2026-09-19 17:37:19,12537,13930,13437,14930,12537,SUPERIOR ROOM TWIN BED,MEMBER
2026-09-19 18:10:16,12537,13930,13437,14930,12537,SUPERIOR ROOM TWIN BED,MEMBER
2026-09-19 18:36:20,12537,13930,13437,14930,12537,SUPERIOR ROOM TWIN BED,MEMBER
2026-09-19 19:05:45,12537,13930,13437,14930,12537,SUPERIOR ROOM TWIN BED,MEMBER
2026-09-19 19:36:29,12537,13930,13437,14930,12537,SUPERIOR ROOM TWIN BED,MEMBER
2026-09-19 20:06:20,12537,13930,13437,14930,12537,SUPERIOR ROOM TWIN BED,MEMBER
2026-09-19 20:36:15,12537,13930,13437,14930,12537,SUPERIOR ROOM TWIN BED,MEMBER
2026-09-19 21:06:09,12537,13930,13437,14930,12537,SUPERIOR ROOM TWIN BED,MEMBER
2026-09-19 21:36:04,12537,13930,13437,14930,12537,SUPERIOR ROOM TWIN BED,MEMBER
2026-09-19 22:06:44,12537,13930,13437,14930,12537,SUPERIOR ROOM TWIN BED,MEMBER
2026-09-19 22:35:53,12798,14220,13698,15220,12798,SUPERIOR ROOM TWIN BED,MEMBER
2026-09-19 23:04:00,12798,14220,13698,15220,12798,SUPERIOR ROOM TWIN BED,MEMBER
2026-09-19 23:36:35,12798,14220,13698,15220,12798,SUPERIOR ROOM TWIN BED,MEMBER
2026-09-20 00:08:22,12798,14220,13698,15220,12798,SUPERIOR ROOM TWIN BED,MEMBER
2026-09-20 00:35:16,12798,14220,13698,15220,12798,SUPERIOR ROOM TWIN BED,MEMBER
2026-09-20 01:04:04,12798,14220,13698,15220,12798,SUPERIOR ROOM TWIN BED,MEMBER
2026-09-20 01:35:57,12798,14220,13698,15220,12798,SUPERIOR ROOM TWIN BED,MEMBER
2026-09-20 07:36:30,12798,14220,13698,15220,12798,SUPERIOR ROOM TWIN BED,MEMBER
2026-09-20 03:05:29,12798,14220,13698,15220,12798,SUPERIOR ROOM TWIN BED,MEMBER
2026-09-20 09:06:01,12798,14220,13698,15220,12798,SUPERIOR ROOM TWIN BED,MEMBER
2026-09-20 04:35:35,12798,14220,13698,15220,12798,SUPERIOR ROOM TWIN BED,MEMBER
2026-09-20 05:04:22,12537,13930,13437,14930,12537,SUPERIOR ROOM TWIN BED,MEMBER
2026-09-20 05:38:44,12537,13930,13437,14930,12537,SUPERIOR ROOM TWIN BED,MEMBER
2026-09-20 06:12:13,12537,13930,13437,14930,12537,SUPERIOR ROOM TWIN BED,MEMBER
2026-09-20 06:35:54,12537,13930,13437,14930,12537,SUPERIOR ROOM TWIN BED,MEMBER
2026-09-20 07:06:24,12537,13930,13437,14930,12537,SUPERIOR ROOM TWIN BED,MEMBER
2026-09-20 13:06:18,12537,13930,13437,14930,12537,SUPERIOR ROOM TWIN BED,MEMBER
2026-09-20 08:36:14,12537,13930,13437,14930,12537,SUPERIOR ROOM TWIN BED,MEMBER
2026-09-20 09:08:14,12537,13930,13437,14930,12537,SUPERIOR ROOM TWIN BED,MEMBER
2026-09-20 09:36:20,12537,13930,13437,14930,12537,SUPERIOR ROOM TWIN BED,MEMBER
2026-09-20 10:07:58,12537,13930,13437,14930,12537,SUPERIOR ROOM TWIN BED,MEMBER
2026-09-22 06:36:28,12537,13930,13437,14930,12537,SUPERIOR ROOM TWIN BED,MEMBER
2026-09-20 15:06:16,12537,13930,13437,14930,12537,SUPERIOR ROOM TWIN BED,MEMBER
2026-09-20 15:36:19,12537,13930,13437,14930,12537,SUPERIOR ROOM TWIN BED,MEMBER
2026-09-20 16:06:28,12537,13930,13437,14930,12537,SUPERIOR ROOM TWIN BED,MEMBER
2026-09-20 16:35:42,12537,13930,13437,14930,12537,SUPERIOR ROOM TWIN BED,MEMBER
2026-09-20 17:05:45,12537,13930,13437,14930,12537,SUPERIOR ROOM TWIN BED,MEMBER
2026-09-20 17:37:21,12537,13930,13437,14930,12537,SUPERIOR ROOM TWIN BED,MEMBER
2026-09-20 18:10:33,12537,13930,13437,14930,12537,SUPERIOR ROOM TWIN BED,MEMBER
2026-09-20 18:35:44,12537,13930,13437,14930,12537,SUPERIOR ROOM TWIN BED,MEMBER
2026-09-20 19:06:03,12537,13930,13437,14930,12537,SUPERIOR ROOM TWIN BED,MEMBER
2026-09-20 19:36:00,12537,13930,13437,14930,12537,SUPERIOR ROOM TWIN BED,MEMBER
2026-09-20 20:06:41,12537,13930,13437,14930,12537,SUPERIOR ROOM TWIN BED,MEMBER
2026-09-20 20:36:16,12537,13930,13437,14930,12537,SUPERIOR ROOM TWIN BED,MEMBER
2026-09-20 21:06:47,12537,13930,13437,14930,12537,SUPERIOR ROOM TWIN BED,MEMBER
2026-09-20 21:36:32,12537,13930,13437,14930,12537,SUPERIOR ROOM TWIN BED,MEMBER
2026-09-20 22:07:26,12537,13930,13437,14930,12537,SUPERIOR ROOM TWIN BED,MEMBER
2026-09-21 04:05:51,12681,14090,13581,15090,12681,SUPERIOR ROOM TWIN BED,MEMBER
2026-09-20 23:36:47,12681,14090,13581,15090,12681,SUPERIOR ROOM TWIN BED,MEMBER
2026-09-21 00:08:37,12681,14090,13581,15090,12681,SUPERIOR ROOM TWIN BED,MEMBER
2026-09-21 00:35:22,12681,14090,13581,15090,12681,SUPERIOR ROOM TWIN BED,MEMBER
2026-09-21 01:04:05,12681,14090,13581,15090,12681,SUPERIOR ROOM TWIN BED,MEMBER
2026-09-21 01:36:14,12681,14090,13581,15090,12681,SUPERIOR ROOM TWIN BED,MEMBER
2026-09-21 02:06:36,12681,14090,13581,15090,12681,SUPERIOR ROOM TWIN BED,MEMBER
2026-09-21 02:36:14,12681,14090,13581,15090,12681,SUPERIOR ROOM TWIN BED,MEMBER
2026-09-21 03:05:42,12681,14090,13581,15090,12681,SUPERIOR ROOM TWIN BED,MEMBER
2026-09-21 03:35:52,12681,14090,13581,15090,12681,SUPERIOR ROOM TWIN BED,MEMBER
2026-09-21 04:06:08,12681,14090,13581,15090,12681,SUPERIOR ROOM TWIN BED,MEMBER
2026-09-21 04:35:42,12780,14200,13680,15200,12780,SUPERIOR ROOM TWIN BED,MEMBER
2026-09-21 05:04:39,12780,14200,13680,15200,12780,SUPERIOR ROOM TWIN BED,MEMBER
2026-09-21 05:38:19,12780,14200,13680,15200,12780,SUPERIOR ROOM TWIN BED,MEMBER
2026-09-21 06:12:38,12780,14200,13680,15200,12780,SUPERIOR ROOM TWIN BED,MEMBER
2026-09-21 06:36:27,12780,14200,13680,15200,12780,SUPERIOR ROOM TWIN BED,MEMBER
2026-09-21 07:07:59,12780,14200,13680,15200,12780,SUPERIOR ROOM TWIN BED,MEMBER
2026-09-21 07:36:12,12780,14200,13680,15200,12780,SUPERIOR ROOM TWIN BED,MEMBER
2026-09-21 08:08:38,12780,14200,13680,15200,12780,SUPERIOR ROOM TWIN BED,MEMBER
2026-09-21 08:36:20,12780,14200,13680,15200,12780,SUPERIOR ROOM TWIN BED,MEMBER
2026-09-21 09:10:26,12780,14200,13680,15200,12780,SUPERIOR ROOM TWIN BED,MEMBER
2026-09-21 09:36:01,12780,14200,13680,15200,12780,SUPERIOR ROOM TWIN BED,MEMBER
2026-09-21 10:10:21,12780,14200,13680,15200,12780,SUPERIOR ROOM TWIN BED,MEMBER
2026-09-21 10:36:40,12780,14200,13680,15200,12780,SUPERIOR ROOM TWIN BED,MEMBER
2026-09-21 11:08:08,12780,14200,13680,15200,12780,SUPERIOR ROOM TWIN BED,MEMBER
2026-09-21 11:38:12,12789,14210,13689,15210,12789,SUPERIOR ROOM TWIN BED,MEMBER
2026-09-21 12:14:30,12789,14210,13689,15210,12789,SUPERIOR ROOM TWIN BED,MEMBER
2026-09-21 12:37:46,12789,14210,13689,15210,12789,SUPERIOR ROOM TWIN BED,MEMBER
2026-09-21 13:09:33,12789,14210,13689,15210,12789,SUPERIOR ROOM TWIN BED,MEMBER
2026-09-21 13:36:46,12789,14210,13689,15210,12789,SUPERIOR ROOM TWIN BED,MEMBER
2026-09-21 14:09:08,12789,14210,13689,15210,12789,SUPERIOR ROOM TWIN BED,MEMBER
2026-09-21 14:36:32,12789,14210,13689,15210,12789,SUPERIOR ROOM TWIN BED,MEMBER
2026-09-21 15:08:27,12789,14210,13689,15210,12789,SUPERIOR ROOM TWIN BED,MEMBER
2026-09-21 15:36:31,12789,14210,13689,15210,12789,SUPERIOR ROOM TWIN BED,MEMBER
2026-09-21 16:07:34,12789,14210,13689,15210,12789,SUPERIOR ROOM TWIN BED,MEMBER
2026-09-21 16:36:03,12789,14210,13689,15210,12789,SUPERIOR ROOM TWIN BED,MEMBER
2026-09-21 17:09:06,12789,14210,13689,15210,12789,SUPERIOR ROOM TWIN BED,MEMBER
2026-09-21 17:37:36,12789,14210,13689,15210,12789,SUPERIOR ROOM TWIN BED,MEMBER
2026-09-21 18:09:54,12789,14210,13689,15210,12789,SUPERIOR ROOM TWIN BED,MEMBER
2026-09-21 18:35:34,12789,14210,13689,15210,12789,SUPERIOR ROOM TWIN BED,MEMBER
2026-09-21 19:08:07,12789,14210,13689,15210,12789,SUPERIOR ROOM TWIN BED,MEMBER
2026-09-21 19:36:24,12789,14210,13689,15210,12789,SUPERIOR ROOM TWIN BED,MEMBER
2026-09-21 20:09:21,12789,14210,13689,15210,12789,SUPERIOR ROOM TWIN BED,MEMBER
2026-09-21 20:35:59,12789,14210,13689,15210,12789,SUPERIOR ROOM TWIN BED,MEMBER
2026-09-21 21:07:02,12789,14210,13689,15210,12789,SUPERIOR ROOM TWIN BED,MEMBER
2026-09-21 21:36:56,12789,14210,13689,15210,12789,SUPERIOR ROOM TWIN BED,MEMBER
2026-09-21 22:08:43,12789,14210,13689,15210,12789,SUPERIOR ROOM TWIN BED,MEMBER
2026-09-21 22:35:28,12789,14210,13689,15210,12789,SUPERIOR ROOM TWIN BED,MEMBER
2026-09-21 23:06:24,12789,14210,13689,15210,12789,SUPERIOR ROOM TWIN BED,MEMBER
2026-09-21 23:37:21,12789,14210,13689,15210,12789,SUPERIOR ROOM TWIN BED,MEMBER
2026-09-22 00:11:12,12789,14210,13689,15210,12789,SUPERIOR ROOM TWIN BED,MEMBER
2026-09-22 00:35:41,12789,14210,13689,15210,12789,SUPERIOR ROOM TWIN BED,MEMBER
2026-09-22 01:07:17,12789,14210,13689,15210,12789,SUPERIOR ROOM TWIN BED,MEMBER
2026-09-22 01:36:40,12789,14210,13689,15210,12789,SUPERIOR ROOM TWIN BED,MEMBER
2026-09-22 02:06:21,12789,14210,13689,15210,12789,SUPERIOR ROOM TWIN BED,MEMBER
2026-09-22 02:36:08,12789,14210,13689,15210,12789,SUPERIOR ROOM TWIN BED,MEMBER
2026-09-22 03:06:30,12789,14210,13689,15210,12789,SUPERIOR ROOM TWIN BED,MEMBER
2026-09-22 03:36:21,12645,14050,13545,15050,12645,SUPERIOR ROOM TWIN BED,MEMBER
2026-09-22 09:37:15,12645,14050,13545,15050,12645,SUPERIOR ROOM TWIN BED,MEMBER
2026-09-22 05:07:05,12645,14050,13545,15050,12645,SUPERIOR ROOM TWIN BED,MEMBER
2026-09-22 05:38:37,12645,14050,13545,15050,12645,SUPERIOR ROOM TWIN BED,MEMBER
2026-09-22 06:11:47,12645,14050,13545,15050,12645,SUPERIOR ROOM TWIN BED,MEMBER
2026-09-22 06:35:13,12645,14050,13545,15050,12645,SUPERIOR ROOM TWIN BED,MEMBER
2026-09-22 12:37:12,12645,14050,13545,15050,12645,SUPERIOR ROOM TWIN BED,MEMBER
2026-09-22 08:08:01,12645,14050,13545,15050,12645,SUPERIOR ROOM TWIN BED,MEMBER
2026-09-22 14:06:16,12645,14050,13545,15050,12645,SUPERIOR ROOM TWIN BED,MEMBER
2026-09-22 09:36:19,12645,14050,13545,15050,12645,SUPERIOR ROOM TWIN BED,MEMBER
2026-09-22 10:08:16,12645,14050,13545,15050,12645,SUPERIOR ROOM TWIN BED,MEMBER
2026-09-22 10:35:58,12645,14050,13545,15050,12645,SUPERIOR ROOM TWIN BED,MEMBER
2026-09-22 11:07:41,12645,14050,13545,15050,12645,SUPERIOR ROOM TWIN BED,MEMBER
2026-09-22 11:37:51,12645,14050,13545,15050,12645,SUPERIOR ROOM TWIN BED,MEMBER
2026-09-22 12:12:14,12645,14050,13545,15050,12645,SUPERIOR ROOM TWIN BED,MEMBER
2026-09-22 12:37:10,12645,14050,13545,15050,12645,SUPERIOR ROOM TWIN BED,MEMBER
2026-09-22 13:08:19,12645,14050,13545,15050,12645,SUPERIOR ROOM TWIN BED,MEMBER
2026-09-22 13:37:12,12645,14050,13545,15050,12645,SUPERIOR ROOM TWIN BED,MEMBER
2026-09-22 14:09:35,12645,14050,13545,15050,12645,SUPERIOR ROOM TWIN BED,MEMBER
2026-09-22 20:06:17,12645,14050,13545,15050,12645,SUPERIOR ROOM TWIN BED,MEMBER
2026-09-22 15:37:20,12645,14050,13545,15050,12645,SUPERIOR ROOM TWIN BED,MEMBER
2026-09-22 16:08:29,12645,14050,13545,15050,12645,SUPERIOR ROOM TWIN BED,MEMBER
2026-09-22 16:36:12,12645,14050,13545,15050,12645,SUPERIOR ROOM TWIN BED,MEMBER
2026-09-22 17:08:12,12645,14050,13545,15050,12645,SUPERIOR ROOM TWIN BED,MEMBER
2026-09-22 17:37:35,12645,14050,13545,15050,12645,SUPERIOR ROOM TWIN BED,MEMBER
2026-09-22 18:11:54,12645,14050,13545,15050,12645,SUPERIOR ROOM TWIN BED,MEMBER
2026-09-22 18:36:43,12645,14050,13545,15050,12645,SUPERIOR ROOM TWIN BED,MEMBER
2026-09-22 19:11:26,12645,14050,13545,15050,12645,SUPERIOR ROOM TWIN BED,MEMBER
2026-09-22 19:36:09,12645,14050,13545,15050,12645,SUPERIOR ROOM TWIN BED,MEMBER
2026-09-22 20:10:38,12645,14050,13545,15050,12645,SUPERIOR ROOM TWIN BED,MEMBER
2026-09-22 20:36:27,12645,14050,13545,15050,12645,SUPERIOR ROOM TWIN BED,MEMBER
2026-09-22 21:07:35,12645,14050,13545,15050,12645,SUPERIOR ROOM TWIN BED,MEMBER
2026-09-22 21:36:48,12645,14050,13545,15050,12645,SUPERIOR ROOM TWIN BED,MEMBER
2026-09-22 22:09:41,12645,14050,13545,15050,12645,SUPERIOR ROOM TWIN BED,MEMBER
2026-09-22 22:35:46,12645,14050,13545,15050,12645,SUPERIOR ROOM TWIN BED,MEMBER
2026-09-22 23:06:26,12645,14050,13545,15050,12645,SUPERIOR ROOM TWIN BED,MEMBER
2026-09-22 23:37:49,12645,14050,13545,15050,12645,SUPERIOR ROOM TWIN BED,MEMBER
2026-09-23 00:09:56,12645,14050,13545,15050,12645,SUPERIOR ROOM TWIN BED,MEMBER
2026-09-23 00:35:49,12645,14050,13545,15050,12645,SUPERIOR ROOM TWIN BED,MEMBER
2026-09-23 01:05:51,12645,14050,13545,15050,12645,SUPERIOR ROOM TWIN BED,MEMBER
2026-09-23 01:36:13,12645,14050,13545,15050,12645,SUPERIOR ROOM TWIN BED,MEMBER
2026-09-23 02:07:33,12645,14050,13545,15050,12645,SUPERIOR ROOM TWIN BED,MEMBER
2026-09-23 02:35:56,12645,14050,13545,15050,12645,SUPERIOR ROOM TWIN BED,MEMBER
2026-09-23 03:06:52,12636,14040,13536,15040,12636,SUPERIOR ROOM TWIN BED,MEMBER
2026-09-23 03:35:54,12636,14040,13536,15040,12636,SUPERIOR ROOM TWIN BED,MEMBER
2026-09-23 04:06:35,12636,14040,13536,15040,12636,SUPERIOR ROOM TWIN BED,MEMBER
2026-09-23 04:35:38,12636,14040,13536,15040,12636,SUPERIOR ROOM TWIN BED,MEMBER
2026-09-23 05:05:34,12636,14040,13536,15040,12636,SUPERIOR ROOM TWIN BED,MEMBER
2026-09-23 05:38:22,12636,14040,13536,15040,12636,SUPERIOR ROOM TWIN BED,MEMBER
2026-09-23 06:11:06,12636,14040,13536,15040,12636,SUPERIOR ROOM TWIN BED,MEMBER
2026-09-23 06:36:00,12636,14040,13536,15040,12636,SUPERIOR ROOM TWIN BED,MEMBER
2026-09-23 07:06:52,12636,14040,13536,15040,12636,SUPERIOR ROOM TWIN BED,MEMBER
2026-09-23 07:36:42,12636,14040,13536,15040,12636,SUPERIOR ROOM TWIN BED,MEMBER
2026-09-23 08:08:09,12636,14040,13536,15040,12636,SUPERIOR ROOM TWIN BED,MEMBER
2026-09-23 08:36:14,12636,14040,13536,15040,12636,SUPERIOR ROOM TWIN BED,MEMBER
2026-09-23 09:09:08,12636,14040,13536,15040,12636,SUPERIOR ROOM TWIN BED,MEMBER
2026-09-23 09:36:34,12636,14040,13536,15040,12636,SUPERIOR ROOM TWIN BED,MEMBER
2026-09-23 10:09:10,12636,14040,13536,15040,12636,SUPERIOR ROOM TWIN BED,MEMBER
2026-09-23 10:35:34,12636,14040,13536,15040,12636,SUPERIOR ROOM TWIN BED,MEMBER
2026-09-23 11:07:35,12636,14040,13536,15040,12636,SUPERIOR ROOM TWIN BED,MEMBER
2026-09-23 11:37:49,12636,14040,13536,15040,12636,SUPERIOR ROOM TWIN BED,MEMBER
2026-09-23 12:12:35,12636,14040,13536,15040,12636,SUPERIOR ROOM TWIN BED,MEMBER
2026-09-23 12:36:59,12636,14040,13536,15040,12636,SUPERIOR ROOM TWIN BED,MEMBER
2026-09-23 13:09:00,12636,14040,13536,15040,12636,SUPERIOR ROOM TWIN BED,MEMBER
2026-09-23 13:36:31,12636,14040,13536,15040,12636,SUPERIOR ROOM TWIN BED,MEMBER
2026-09-23 14:09:21,12636,14040,13536,15040,12636,SUPERIOR ROOM TWIN BED,MEMBER
2026-09-23 14:36:31,12636,14040,13536,15040,12636,SUPERIOR ROOM TWIN BED,MEMBER
2026-09-23 15:09:10,12636,14040,13536,15040,12636,SUPERIOR ROOM TWIN BED,MEMBER
2026-09-23 15:36:06,12636,14040,13536,15040,12636,SUPERIOR ROOM TWIN BED,MEMBER
2026-09-23 16:08:39,12636,14040,13536,15040,12636,SUPERIOR ROOM TWIN BED,MEMBER
2026-09-23 22:05:58,12636,14040,13536,15040,12636,SUPERIOR ROOM TWIN BED,MEMBER
2026-09-23 17:37:59,12636,14040,13536,15040,12636,SUPERIOR ROOM TWIN BED,MEMBER
2026-09-23 18:12:17,12636,14040,13536,15040,12636,SUPERIOR ROOM TWIN BED,MEMBER
2026-09-23 18:37:53,12636,14040,13536,15040,12636,SUPERIOR ROOM TWIN BED,MEMBER
2026-09-23 19:08:53,12636,14040,13536,15040,12636,SUPERIOR ROOM TWIN BED,MEMBER
2026-09-23 19:37:03,12636,14040,13536,15040,12636,SUPERIOR ROOM TWIN BED,MEMBER
2026-09-23 20:10:25,12636,14040,13536,15040,12636,SUPERIOR ROOM TWIN BED,MEMBER
2026-09-23 20:35:49,12636,14040,13536,15040,12636,SUPERIOR ROOM TWIN BED,MEMBER
2026-09-23 21:09:39,12636,14040,13536,15040,12636,SUPERIOR ROOM TWIN BED,MEMBER
2026-09-23 21:36:55,12636,14040,13536,15040,12636,SUPERIOR ROOM TWIN BED,MEMBER
2026-09-23 22:09:50,12636,14040,13536,15040,12636,SUPERIOR ROOM TWIN BED,MEMBER
2026-09-23 22:36:07,12636,14040,13536,15040,12636,SUPERIOR ROOM TWIN BED,MEMBER
2026-09-23 23:07:39,12636,14040,13536,15040,12636,SUPERIOR ROOM TWIN BED,MEMBER
2026-09-23 23:38:11,12636,14040,13536,15040,12636,SUPERIOR ROOM TWIN BED,MEMBER
2026-09-24 00:10:17,12636,14040,13536,15040,12636,SUPERIOR ROOM TWIN BED,MEMBER
2026-09-24 00:35:52,12636,14040,13536,15040,12636,SUPERIOR ROOM TWIN BED,MEMBER
2026-09-24 01:07:27,12636,14040,13536,15040,12636,SUPERIOR ROOM TWIN BED,MEMBER
2026-09-24 01:36:56,12636,14040,13536,15040,12636,SUPERIOR ROOM TWIN BED,MEMBER
2026-09-24 02:07:45,12636,14040,13536,15040,12636,SUPERIOR ROOM TWIN BED,MEMBER
2026-09-24 02:36:34,12636,14040,13536,15040,12636,SUPERIOR ROOM TWIN BED,MEMBER
2026-09-24 03:07:05,12636,14040,13536,15040,12636,SUPERIOR ROOM TWIN BED,MEMBER
2026-09-24 03:36:42,12636,14040,13536,15040,12636,SUPERIOR ROOM TWIN BED,MEMBER
2026-09-24 09:36:39,12708,14120,13608,15120,12708,SUPERIOR ROOM TWIN BED,MEMBER
2026-09-24 05:04:40,12708,14120,13608,15120,12708,SUPERIOR ROOM TWIN BED,MEMBER
2026-09-24 05:37:47,12708,14120,13608,15120,12708,SUPERIOR ROOM TWIN BED,MEMBER
2026-09-24 06:12:50,12708,14120,13608,15120,12708,SUPERIOR ROOM TWIN BED,MEMBER
2026-09-24 06:36:17,12708,14120,13608,15120,12708,SUPERIOR ROOM TWIN BED,MEMBER
2026-09-24 07:07:17,12708,14120,13608,15120,12708,SUPERIOR ROOM TWIN BED,MEMBER
2026-09-24 07:36:23,12708,14120,13608,15120,12708,SUPERIOR ROOM TWIN BED,MEMBER
2026-09-24 08:08:41,12708,14120,13608,15120,12708,SUPERIOR ROOM TWIN BED,MEMBER
2026-09-24 08:36:51,12708,14120,13608,15120,12708,SUPERIOR ROOM TWIN BED,MEMBER
2026-09-24 09:08:58,12708,14120,13608,15120,12708,SUPERIOR ROOM TWIN BED,MEMBER
2026-09-24 09:36:24,12708,14120,13608,15120,12708,SUPERIOR ROOM TWIN BED,MEMBER
2026-09-24 10:09:10,12708,14120,13608,15120,12708,SUPERIOR ROOM TWIN BED,MEMBER
2026-09-24 10:36:04,12708,14120,13608,15120,12708,SUPERIOR ROOM TWIN BED,MEMBER
2026-09-24 11:08:10,12708,14120,13608,15120,12708,SUPERIOR ROOM TWIN BED,MEMBER
2026-09-24 11:38:14,12708,14120,13608,15120,12708,SUPERIOR ROOM TWIN BED,MEMBER
2026-09-24 12:12:32,12708,14120,13608,15120,12708,SUPERIOR ROOM TWIN BED,MEMBER
2026-09-24 12:37:01,12708,14120,13608,15120,12708,SUPERIOR ROOM TWIN BED,MEMBER
2026-09-24 13:08:34,12708,14120,13608,15120,12708,SUPERIOR ROOM TWIN BED,MEMBER
2026-09-24 13:36:54,12708,14120,13608,15120,12708,SUPERIOR ROOM TWIN BED,MEMBER
2026-09-24 19:39:51,12708,14120,13608,15120,12708,SUPERIOR ROOM TWIN BED,MEMBER
2026-09-24 15:09:30,12708,14120,13608,15120,12708,SUPERIOR ROOM TWIN BED,MEMBER
2026-09-24 15:36:27,12708,14120,13608,15120,12708,SUPERIOR ROOM TWIN BED,MEMBER
2026-09-24 16:08:47,12708,14120,13608,15120,12708,SUPERIOR ROOM TWIN BED,MEMBER
2026-09-24 16:36:30,12708,14120,13608,15120,12708,SUPERIOR ROOM TWIN BED,MEMBER
2026-09-24 17:08:42,12708,14120,13608,15120,12708,SUPERIOR ROOM TWIN BED,MEMBER
2026-09-24 17:38:08,13149,14610,14049,15610,13149,SUPERIOR ROOM TWIN BED,MEMBER
2026-09-24 18:13:13,13149,14610,14049,15610,13149,SUPERIOR ROOM TWIN BED,MEMBER
2026-09-24 18:37:20,13149,14610,14049,15610,13149,SUPERIOR ROOM TWIN BED,MEMBER
2026-09-24 19:10:02,13149,14610,14049,15610,13149,SUPERIOR ROOM TWIN BED,MEMBER
2026-09-24 19:37:17,13149,14610,14049,15610,13149,SUPERIOR ROOM TWIN BED,MEMBER
2026-09-24 20:11:24,13149,14610,14049,15610,13149,SUPERIOR ROOM TWIN BED,MEMBER
2026-09-24 20:37:27,13149,14610,14049,15610,13149,SUPERIOR ROOM TWIN BED,MEMBER
2026-09-24 21:09:07,13149,14610,14049,15610,13149,SUPERIOR ROOM TWIN BED,MEMBER
2026-09-24 21:36:50,13149,14610,14049,15610,13149,SUPERIOR ROOM TWIN BED,MEMBER
2026-09-24 22:09:14,13149,14610,14049,15610,13149,SUPERIOR ROOM TWIN BED,MEMBER
2026-09-24 22:36:15,13149,14610,14049,15610,13149,SUPERIOR ROOM TWIN BED,MEMBER
2026-09-24 23:06:50,13149,14610,14049,15610,13149,SUPERIOR ROOM TWIN BED,MEMBER
2026-09-24 23:37:41,13149,14610,14049,15610,13149,SUPERIOR ROOM TWIN BED,MEMBER
2026-09-25 00:10:47,13149,14610,14049,15610,13149,SUPERIOR ROOM TWIN BED,MEMBER
2026-09-25 00:36:30,13149,14610,14049,15610,13149,SUPERIOR ROOM TWIN BED,MEMBER
2026-09-25 01:06:14,13149,14610,14049,15610,13149,SUPERIOR ROOM TWIN BED,MEMBER
2026-09-25 01:37:26,13149,14610,14049,15610,13149,SUPERIOR ROOM TWIN BED,MEMBER
2026-09-25 02:09:24,13149,14610,14049,15610,13149,SUPERIOR ROOM TWIN BED,MEMBER
2026-09-25 02:36:13,13149,14610,14049,15610,13149,SUPERIOR ROOM TWIN BED,MEMBER
2026-09-25 03:06:31,13149,14610,14049,15610,13149,SUPERIOR ROOM TWIN BED,MEMBER
2026-09-25 03:36:38,13149,14610,14049,15610,13149,SUPERIOR ROOM TWIN BED,MEMBER
2026-09-25 04:06:49,12762,14180,13662,15180,12762,SUPERIOR ROOM TWIN BED,MEMBER
2026-09-25 04:36:29,12762,14180,13662,15180,12762,SUPERIOR ROOM TWIN BED,MEMBER
2026-09-25 05:06:41,12762,14180,13662,15180,12762,SUPERIOR ROOM TWIN BED,MEMBER
2026-09-25 05:38:46,12762,14180,13662,15180,12762,SUPERIOR ROOM TWIN BED,MEMBER
2026-09-25 06:12:51,12762,14180,13662,15180,12762,SUPERIOR ROOM TWIN BED,MEMBER
2026-09-25 06:36:16,12762,14180,13662,15180,12762,SUPERIOR ROOM TWIN BED,MEMBER
2026-09-25 07:06:22,12762,14180,13662,15180,12762,SUPERIOR ROOM TWIN BED,MEMBER
2026-09-25 07:36:04,12762,14180,13662,15180,12762,SUPERIOR ROOM TWIN BED,MEMBER
2026-09-25 08:08:04,12762,14180,13662,15180,12762,SUPERIOR ROOM TWIN BED,MEMBER
2026-09-25 08:36:10,12762,14180,13662,15180,12762,SUPERIOR ROOM TWIN BED,MEMBER
2026-09-25 09:08:46,12762,14180,13662,15180,12762,SUPERIOR ROOM TWIN BED,MEMBER
2026-09-25 09:36:27,12762,14180,13662,15180,12762,SUPERIOR ROOM TWIN BED,MEMBER
2026-09-25 10:10:27,12762,14180,13662,15180,12762,SUPERIOR ROOM TWIN BED,MEMBER
2026-09-25 10:35:39,12762,14180,13662,15180,12762,SUPERIOR ROOM TWIN BED,MEMBER
2026-09-25 11:08:41,12762,14180,13662,15180,12762,SUPERIOR ROOM TWIN BED,MEMBER
2026-09-25 11:37:38,12762,14180,13662,15180,12762,SUPERIOR ROOM TWIN BED,MEMBER
2026-09-25 12:13:29,12762,14180,13662,15180,12762,SUPERIOR ROOM TWIN BED,MEMBER
2026-09-25 12:37:07,12762,14180,13662,15180,12762,SUPERIOR ROOM TWIN BED,MEMBER
2026-09-25 18:39:00,12762,14180,13662,15180,12762,SUPERIOR ROOM TWIN BED,MEMBER
2026-09-25 14:10:12,12762,14180,13662,15180,12762,SUPERIOR ROOM TWIN BED,MEMBER
2026-09-25 14:36:41,12762,14180,13662,15180,12762,SUPERIOR ROOM TWIN BED,MEMBER
2026-09-25 15:09:27,12762,14180,13662,15180,12762,SUPERIOR ROOM TWIN BED,MEMBER
2026-09-25 15:36:28,12762,14180,13662,15180,12762,SUPERIOR ROOM TWIN BED,MEMBER
2026-09-25 16:09:23,12762,14180,13662,15180,12762,SUPERIOR ROOM TWIN BED,MEMBER
2026-09-25 16:36:28,12762,14180,13662,15180,12762,SUPERIOR ROOM TWIN BED,MEMBER
2026-09-25 17:09:05,12762,14180,13662,15180,12762,SUPERIOR ROOM TWIN BED,MEMBER
2026-09-25 17:37:54,12762,14180,13662,15180,12762,SUPERIOR ROOM TWIN BED,MEMBER
2026-09-25 18:12:54,12762,14180,13662,15180,12762,SUPERIOR ROOM TWIN BED,MEMBER
2026-09-26 05:38:37,12762,14180,13662,15180,12762,SUPERIOR ROOM TWIN BED,MEMBER
2026-09-25 20:10:18,12762,14180,13662,15180,12762,SUPERIOR ROOM TWIN BED,MEMBER
2026-09-25 20:36:55,12762,14180,13662,15180,12762,SUPERIOR ROOM TWIN BED,MEMBER
2026-09-25 21:08:26,12762,14180,13662,15180,12762,SUPERIOR ROOM TWIN BED,MEMBER
2026-09-25 21:37:14,12762,14180,13662,15180,12762,SUPERIOR ROOM TWIN BED,MEMBER
2026-09-25 22:10:26,12762,14180,13662,15180,12762,SUPERIOR ROOM TWIN BED,MEMBER
2026-09-25 22:35:37,12762,14180,13662,15180,12762,SUPERIOR ROOM TWIN BED,MEMBER
2026-09-25 23:08:20,12762,14180,13662,15180,12762,SUPERIOR ROOM TWIN BED,MEMBER
2026-09-25 23:37:03,12762,14180,13662,15180,12762,SUPERIOR ROOM TWIN BED,MEMBER
2026-09-26 00:10:00,12762,14180,13662,15180,12762,SUPERIOR ROOM TWIN BED,MEMBER
2026-09-26 00:36:04,12762,14180,13662,15180,12762,SUPERIOR ROOM TWIN BED,MEMBER
2026-09-26 01:06:11,12762,14180,13662,15180,12762,SUPERIOR ROOM TWIN BED,MEMBER
2026-09-26 01:35:49,12762,14180,13662,15180,12762,SUPERIOR ROOM TWIN BED,MEMBER
2026-09-26 02:08:40,12762,14180,13662,15180,12762,SUPERIOR ROOM TWIN BED,MEMBER
2026-09-26 02:36:31,12762,14180,13662,15180,12762,SUPERIOR ROOM TWIN BED,MEMBER
2026-09-26 03:08:31,12762,14180,13662,15180,12762,SUPERIOR ROOM TWIN BED,MEMBER
2026-09-26 09:05:53,12762,14180,13662,15180,12762,SUPERIOR ROOM TWIN BED,MEMBER
2026-09-26 04:35:57,12906,14340,13806,15340,12906,SUPERIOR ROOM TWIN BED,MEMBER
2026-09-26 05:05:24,12906,14340,13806,15340,12906,SUPERIOR ROOM TWIN BED,MEMBER
2026-09-26 05:37:35,12906,14340,13806,15340,12906,SUPERIOR ROOM TWIN BED,MEMBER
2026-09-26 06:12:28,12906,14340,13806,15340,12906,SUPERIOR ROOM TWIN BED,MEMBER
2026-09-26 06:35:20,12906,14340,13806,15340,12906,SUPERIOR ROOM TWIN BED,MEMBER
2026-09-26 07:06:31,12906,14340,13806,15340,12906,SUPERIOR ROOM TWIN BED,MEMBER
2026-09-26 07:36:15,12906,14340,13806,15340,12906,SUPERIOR ROOM TWIN BED,MEMBER
2026-09-26 08:07:50,12906,14340,13806,15340,12906,SUPERIOR ROOM TWIN BED,MEMBER
2026-09-26 08:36:17,12906,14340,13806,15340,12906,SUPERIOR ROOM TWIN BED,MEMBER
2026-09-26 09:08:30,12906,14340,13806,15340,12906,SUPERIOR ROOM TWIN BED,MEMBER
2026-09-26 09:36:26,12906,14340,13806,15340,12906,SUPERIOR ROOM TWIN BED,MEMBER
2026-09-26 10:08:20,12906,14340,13806,15340,12906,SUPERIOR ROOM TWIN BED,MEMBER
2026-09-26 10:36:17,12906,14340,13806,15340,12906,SUPERIOR ROOM TWIN BED,MEMBER
2026-09-26 11:07:11,12906,14340,13806,15340,12906,SUPERIOR ROOM TWIN BED,MEMBER
2026-09-26 11:37:52,12906,14340,13806,15340,12906,SUPERIOR ROOM TWIN BED,MEMBER
2026-09-26 12:11:35,12906,14340,13806,15340,12906,SUPERIOR ROOM TWIN BED,MEMBER
2026-09-26 12:35:55,12906,14340,13806,15340,12906,SUPERIOR ROOM TWIN BED,MEMBER
2026-09-26 13:06:43,12906,14340,13806,15340,12906,SUPERIOR ROOM TWIN BED,MEMBER
2026-09-26 13:37:47,12906,14340,13806,15340,12906,SUPERIOR ROOM TWIN BED,MEMBER
2026-09-26 14:08:21,12906,14340,13806,15340,12906,SUPERIOR ROOM TWIN BED,MEMBER
2026-09-26 14:35:55,12906,14340,13806,15340,12906,SUPERIOR ROOM TWIN BED,MEMBER
2026-09-26 15:07:05,12906,14340,13806,15340,12906,SUPERIOR ROOM TWIN BED,MEMBER
2026-09-26 15:36:17,12906,14340,13806,15340,12906,SUPERIOR ROOM TWIN BED,MEMBER
2026-09-26 16:07:16,12906,14340,13806,15340,12906,SUPERIOR ROOM TWIN BED,MEMBER
2026-09-26 16:35:58,12906,14340,13806,15340,12906,SUPERIOR ROOM TWIN BED,MEMBER
2026-09-26 17:06:37,12906,14340,13806,15340,12906,SUPERIOR ROOM TWIN BED,MEMBER
2026-09-26 17:37:27,12906,14340,13806,15340,12906,SUPERIOR ROOM TWIN BED,MEMBER
2026-09-26 18:11:06,12906,14340,13806,15340,12906,SUPERIOR ROOM TWIN BED,MEMBER
2026-09-26 18:35:43,12906,14340,13806,15340,12906,SUPERIOR ROOM TWIN BED,MEMBER
2026-09-26 19:06:25,12906,14340,13806,15340,12906,SUPERIOR ROOM TWIN BED,MEMBER
2026-09-26 19:36:18,12906,14340,13806,15340,12906,SUPERIOR ROOM TWIN BED,MEMBER
2026-09-26 20:07:24,12906,14340,13806,15340,12906,SUPERIOR ROOM TWIN BED,MEMBER
2026-09-26 20:35:58,12906,14340,13806,15340,12906,SUPERIOR ROOM TWIN BED,MEMBER
2026-09-27 02:38:15,12906,14340,13806,15340,12906,SUPERIOR ROOM TWIN BED,MEMBER
2026-09-26 22:08:32,12906,14340,13806,15340,12906,SUPERIOR ROOM TWIN BED,MEMBER
2026-09-26 22:35:36,12906,14340,13806,15340,12906,SUPERIOR ROOM TWIN BED,MEMBER
2026-09-26 23:07:15,12906,14340,13806,15340,12906,SUPERIOR ROOM TWIN BED,MEMBER
2026-09-26 23:37:10,12906,14340,13806,15340,12906,SUPERIOR ROOM TWIN BED,MEMBER
2026-09-27 00:10:23,12906,14340,13806,15340,12906,SUPERIOR ROOM TWIN BED,MEMBER
2026-09-27 00:35:32,12906,14340,13806,15340,12906,SUPERIOR ROOM TWIN BED,MEMBER
2026-09-27 01:05:03,12906,14340,13806,15340,12906,SUPERIOR ROOM TWIN BED,MEMBER
2026-09-27 01:35:48,12906,14340,13806,15340,12906,SUPERIOR ROOM TWIN BED,MEMBER
2026-09-27 07:37:21,12906,14340,13806,15340,12906,SUPERIOR ROOM TWIN BED,MEMBER
2026-09-27 03:06:28,12906,14340,13806,15340,12906,SUPERIOR ROOM TWIN BED,MEMBER
2026-09-27 03:36:18,12906,14340,13806,15340,12906,SUPERIOR ROOM TWIN BED,MEMBER
2026-09-27 04:07:05,12906,14340,13806,15340,12906,SUPERIOR ROOM TWIN BED,MEMBER
2026-09-27 04:36:31,12645,14050,13545,15050,12645,SUPERIOR ROOM TWIN BED,MEMBER
2026-09-27 05:05:25,12645,14050,13545,15050,12645,SUPERIOR ROOM TWIN BED,MEMBER
2026-09-27 05:38:53,12645,14050,13545,15050,12645,SUPERIOR ROOM TWIN BED,MEMBER
2026-09-27 06:14:33,12645,14050,13545,15050,12645,SUPERIOR ROOM TWIN BED,MEMBER
2026-09-27 06:36:36,12645,14050,13545,15050,12645,SUPERIOR ROOM TWIN BED,MEMBER
2026-09-27 07:07:18,12645,14050,13545,15050,12645,SUPERIOR ROOM TWIN BED,MEMBER
2026-09-27 07:36:12,12645,14050,13545,15050,12645,SUPERIOR ROOM TWIN BED,MEMBER
2026-09-27 08:09:09,12645,14050,13545,15050,12645,SUPERIOR ROOM TWIN BED,MEMBER
2026-09-27 08:36:22,12645,14050,13545,15050,12645,SUPERIOR ROOM TWIN BED,MEMBER
2026-09-27 09:09:30,12645,14050,13545,15050,12645,SUPERIOR ROOM TWIN BED,MEMBER
2026-09-27 09:35:50,12645,14050,13545,15050,12645,SUPERIOR ROOM TWIN BED,MEMBER
2026-09-27 10:09:20,12645,14050,13545,15050,12645,SUPERIOR ROOM TWIN BED,MEMBER
2026-09-27 10:35:59,12645,14050,13545,15050,12645,SUPERIOR ROOM TWIN BED,MEMBER
2026-09-27 11:08:07,12645,14050,13545,15050,12645,SUPERIOR ROOM TWIN BED,MEMBER
2026-09-27 11:37:57,12645,14050,13545,15050,12645,SUPERIOR ROOM TWIN BED,MEMBER
2026-09-27 12:12:10,12645,14050,13545,15050,12645,SUPERIOR ROOM TWIN BED,MEMBER
2026-09-27 12:36:22,12645,14050,13545,15050,12645,SUPERIOR ROOM TWIN BED,MEMBER
2026-09-27 13:07:36,12645,14050,13545,15050,12645,SUPERIOR ROOM TWIN BED,MEMBER
2026-09-27 13:36:19,12645,14050,13545,15050,12645,SUPERIOR ROOM TWIN BED,MEMBER
2026-09-27 14:09:01,12645,14050,13545,15050,12645,SUPERIOR ROOM TWIN BED,MEMBER
2026-09-27 14:36:39,12645,14050,13545,15050,12645,SUPERIOR ROOM TWIN BED,MEMBER
2026-09-27 15:08:01,12645,14050,13545,15050,12645,SUPERIOR ROOM TWIN BED,MEMBER
2026-09-27 21:06:22,12645,14050,13545,15050,12645,SUPERIOR ROOM TWIN BED,MEMBER
2026-09-27 16:36:32,12645,14050,13545,15050,12645,SUPERIOR ROOM TWIN BED,MEMBER
2026-09-27 22:37:13,12645,14050,13545,15050,12645,SUPERIOR ROOM TWIN BED,MEMBER
2026-09-27 18:11:46,12609,14010,13509,15010,12609,SUPERIOR ROOM TWIN BED,MEMBER
2026-09-27 18:35:48,12609,14010,13509,15010,12609,SUPERIOR ROOM TWIN BED,MEMBER
2026-09-27 19:07:15,12609,14010,13509,15010,12609,SUPERIOR ROOM TWIN BED,MEMBER
2026-09-27 19:35:54,12609,14010,13509,15010,12609,SUPERIOR ROOM TWIN BED,MEMBER
2026-09-27 20:07:25,12609,14010,13509,15010,12609,SUPERIOR ROOM TWIN BED,MEMBER
2026-09-27 20:36:28,12609,14010,13509,15010,12609,SUPERIOR ROOM TWIN BED,MEMBER
2026-09-27 21:07:33,12609,14010,13509,15010,12609,SUPERIOR ROOM TWIN BED,MEMBER
2026-09-27 21:36:36,12609,14010,13509,15010,12609,SUPERIOR ROOM TWIN BED,MEMBER
2026-09-27 22:08:40,12609,14010,13509,15010,12609,SUPERIOR ROOM TWIN BED,MEMBER
2026-09-27 22:35:45,12690,14100,13590,15100,12690,SUPERIOR ROOM TWIN BED,MEMBER
2026-09-27 23:06:45,12690,14100,13590,15100,12690,SUPERIOR ROOM TWIN BED,MEMBER
2026-09-27 23:37:00,12690,14100,13590,15100,12690,SUPERIOR ROOM TWIN BED,MEMBER
2026-09-28 00:10:35,12690,14100,13590,15100,12690,SUPERIOR ROOM TWIN BED,MEMBER
2026-09-28 00:35:32,12690,14100,13590,15100,12690,SUPERIOR ROOM TWIN BED,MEMBER
2026-09-28 01:06:05,12690,14100,13590,15100,12690,SUPERIOR ROOM TWIN BED,MEMBER
2026-09-28 01:36:20,12690,14100,13590,15100,12690,SUPERIOR ROOM TWIN BED,MEMBER
2026-09-28 02:07:28,12690,14100,13590,15100,12690,SUPERIOR ROOM TWIN BED,MEMBER
2026-09-28 02:36:09,12690,14100,13590,15100,12690,SUPERIOR ROOM TWIN BED,MEMBER
2026-09-28 03:07:18,12690,14100,13590,15100,12690,SUPERIOR ROOM TWIN BED,MEMBER
2026-09-28 03:36:05,12690,14100,13590,15100,12690,SUPERIOR ROOM TWIN BED,MEMBER
2026-09-28 04:08:35,12636,14040,13536,15040,12636,SUPERIOR ROOM TWIN BED,MEMBER
2026-09-28 04:35:52,12636,14040,13536,15040,12636,SUPERIOR ROOM TWIN BED,MEMBER
2026-09-28 05:06:18,12636,14040,13536,15040,12636,SUPERIOR ROOM TWIN BED,MEMBER
2026-09-28 05:38:53,12636,14040,13536,15040,12636,SUPERIOR ROOM TWIN BED,MEMBER
2026-09-28 06:15:31,12636,14040,13536,15040,12636,SUPERIOR ROOM TWIN BED,MEMBER
2026-09-28 06:36:49,12636,14040,13536,15040,12636,SUPERIOR ROOM TWIN BED,MEMBER
2026-09-28 07:08:50,12636,14040,13536,15040,12636,SUPERIOR ROOM TWIN BED,MEMBER
2026-09-28 07:36:27,12636,14040,13536,15040,12636,SUPERIOR ROOM TWIN BED,MEMBER
2026-09-28 08:10:16,12636,14040,13536,15040,12636,SUPERIOR ROOM TWIN BED,MEMBER
2026-09-28 08:37:18,12636,14040,13536,15040,12636,SUPERIOR ROOM TWIN BED,MEMBER
2026-09-28 09:11:26,12636,14040,13536,15040,12636,SUPERIOR ROOM TWIN BED,MEMBER
2026-09-28 09:37:20,12636,14040,13536,15040,12636,SUPERIOR ROOM TWIN BED,MEMBER
2026-09-28 10:11:41,12636,14040,13536,15040,12636,SUPERIOR ROOM TWIN BED,MEMBER
2026-09-28 10:36:53,12636,14040,13536,15040,12636,SUPERIOR ROOM TWIN BED,MEMBER
2026-09-28 11:09:53,12636,14040,13536,15040,12636,SUPERIOR ROOM TWIN BED,MEMBER
2026-09-28 11:38:33,12681,14090,13581,15090,12681,SUPERIOR ROOM TWIN BED,MEMBER
2026-09-28 12:16:52,12681,14090,13581,15090,12681,SUPERIOR ROOM TWIN BED,MEMBER
2026-09-28 12:38:57,12681,14090,13581,15090,12681,SUPERIOR ROOM TWIN BED,MEMBER
2026-09-28 13:10:46,12681,14090,13581,15090,12681,SUPERIOR ROOM TWIN BED,MEMBER
2026-09-28 13:39:02,12681,14090,13581,15090,12681,SUPERIOR ROOM TWIN BED,MEMBER
2026-09-28 14:10:53,12681,14090,13581,15090,12681,SUPERIOR ROOM TWIN BED,MEMBER
2026-09-28 14:38:52,12681,14090,13581,15090,12681,SUPERIOR ROOM TWIN BED,MEMBER
2026-09-28 15:38:02,12681,14090,13581,15090,12681,SUPERIOR ROOM TWIN BED,MEMBER
2026-09-28 21:40:14,12681,14090,13581,15090,12681,SUPERIOR ROOM TWIN BED,MEMBER
2026-09-28 17:11:49,12681,14090,13581,15090,12681,SUPERIOR ROOM TWIN BED,MEMBER
2026-09-28 17:37:44,12798,14220,13698,15220,12798,SUPERIOR ROOM TWIN BED,MEMBER
2026-09-28 18:15:47,12798,14220,13698,15220,12798,SUPERIOR ROOM TWIN BED,MEMBER
2026-09-28 18:37:57,12798,14220,13698,15220,12798,SUPERIOR ROOM TWIN BED,MEMBER
2026-09-28 19:11:44,12798,14220,13698,15220,12798,SUPERIOR ROOM TWIN BED,MEMBER
2026-09-28 19:39:05,12798,14220,13698,15220,12798,SUPERIOR ROOM TWIN BED,MEMBER
2026-09-28 20:11:43,12798,14220,13698,15220,12798,SUPERIOR ROOM TWIN BED,MEMBER
2026-09-28 20:39:18,12798,14220,13698,15220,12798,SUPERIOR ROOM TWIN BED,MEMBER
2026-09-28 21:11:00,12798,14220,13698,15220,12798,SUPERIOR ROOM TWIN BED,MEMBER
2026-09-28 21:38:40,12798,14220,13698,15220,12798,SUPERIOR ROOM TWIN BED,MEMBER
2026-09-28 22:09:48,12798,14220,13698,15220,12798,SUPERIOR ROOM TWIN BED,MEMBER
2026-09-29 04:07:28,12834,14260,13734,15260,12834,SUPERIOR ROOM TWIN BED,MEMBER
2026-09-28 23:37:57,12834,14260,13734,15260,12834,SUPERIOR ROOM TWIN BED,MEMBER
2026-09-29 00:13:00,12834,14260,13734,15260,12834,SUPERIOR ROOM TWIN BED,MEMBER
2026-09-29 00:37:46,12834,14260,13734,15260,12834,SUPERIOR ROOM TWIN BED,MEMBER
2026-09-29 01:09:49,12834,14260,13734,15260,12834,SUPERIOR ROOM TWIN BED,MEMBER
2026-09-29 01:35:42,12834,14260,13734,15260,12834,SUPERIOR ROOM TWIN BED,MEMBER
2026-09-29 02:10:06,12834,14260,13734,15260,12834,SUPERIOR ROOM TWIN BED,MEMBER
2026-09-29 02:37:02,12834,14260,13734,15260,12834,SUPERIOR ROOM TWIN BED,MEMBER
2026-09-29 03:08:26,12834,14260,13734,15260,12834,SUPERIOR ROOM TWIN BED,MEMBER
2026-09-29 03:36:41,12834,14260,13734,15260,12834,SUPERIOR ROOM TWIN BED,MEMBER
2026-09-29 04:07:19,12834,14260,13734,15260,12834,SUPERIOR ROOM TWIN BED,MEMBER
2026-09-29 04:36:02,12744,14160,13644,15160,12744,SUPERIOR ROOM TWIN BED,MEMBER
2026-09-29 05:08:21,12744,14160,13644,15160,12744,SUPERIOR ROOM TWIN BED,MEMBER
2026-09-29 05:39:06,12744,14160,13644,15160,12744,SUPERIOR ROOM TWIN BED,MEMBER
2026-09-29 06:14:55,12744,14160,13644,15160,12744,SUPERIOR ROOM TWIN BED,MEMBER
2026-09-29 06:38:16,12744,14160,13644,15160,12744,SUPERIOR ROOM TWIN BED,MEMBER
2026-09-29 07:08:50,12744,14160,13644,15160,12744,SUPERIOR ROOM TWIN BED,MEMBER
2026-09-29 07:36:06,12744,14160,13644,15160,12744,SUPERIOR ROOM TWIN BED,MEMBER
2026-09-29 08:08:35,12744,14160,13644,15160,12744,SUPERIOR ROOM TWIN BED,MEMBER
2026-09-29 08:36:40,12744,14160,13644,15160,12744,SUPERIOR ROOM TWIN BED,MEMBER
2026-09-29 09:11:11,12744,14160,13644,15160,12744,SUPERIOR ROOM TWIN BED,MEMBER
2026-09-29 09:36:28,12744,14160,13644,15160,12744,SUPERIOR ROOM TWIN BED,MEMBER
2026-09-29 10:10:26,12744,14160,13644,15160,12744,SUPERIOR ROOM TWIN BED,MEMBER
2026-09-29 10:36:56,12744,14160,13644,15160,12744,SUPERIOR ROOM TWIN BED,MEMBER
2026-09-29 11:10:21,12744,14160,13644,15160,12744,SUPERIOR ROOM TWIN BED,MEMBER
2026-09-29 11:38:33,12753,14170,13653,15170,12753,SUPERIOR ROOM TWIN BED,MEMBER
2026-09-29 12:14:50,12753,14170,13653,15170,12753,SUPERIOR ROOM TWIN BED,MEMBER
2026-09-29 12:39:02,12753,14170,13653,15170,12753,SUPERIOR ROOM TWIN BED,MEMBER
2026-09-29 13:10:16,12753,14170,13653,15170,12753,SUPERIOR ROOM TWIN BED,MEMBER
2026-09-29 13:38:59,12753,14170,13653,15170,12753,SUPERIOR ROOM TWIN BED,MEMBER
2026-09-29 14:11:20,12753,14170,13653,15170,12753,SUPERIOR ROOM TWIN BED,MEMBER
2026-09-29 14:37:55,12753,14170,13653,15170,12753,SUPERIOR ROOM TWIN BED,MEMBER
2026-09-29 15:11:05,12753,14170,13653,15170,12753,SUPERIOR ROOM TWIN BED,MEMBER
2026-09-29 21:07:30,12753,14170,13653,15170,12753,SUPERIOR ROOM TWIN BED,MEMBER
2026-09-29 16:37:04,12753,14170,13653,15170,12753,SUPERIOR ROOM TWIN BED,MEMBER
2026-09-29 17:09:22,12753,14170,13653,15170,12753,SUPERIOR ROOM TWIN BED,MEMBER
2026-09-29 17:38:47,12753,14170,13653,15170,12753,SUPERIOR ROOM TWIN BED,MEMBER
2026-09-29 18:15:52,12744,14160,13644,15160,12744,SUPERIOR ROOM TWIN BED,MEMBER
2026-09-29 18:39:45,12744,14160,13644,15160,12744,SUPERIOR ROOM TWIN BED,MEMBER
2026-09-29 19:12:21,12744,14160,13644,15160,12744,SUPERIOR ROOM TWIN BED,MEMBER
2026-09-29 19:39:08,12744,14160,13644,15160,12744,SUPERIOR ROOM TWIN BED,MEMBER
2026-09-29 20:11:31,12744,14160,13644,15160,12744,SUPERIOR ROOM TWIN BED,MEMBER
2026-09-29 20:39:56,12744,14160,13644,15160,12744,SUPERIOR ROOM TWIN BED,MEMBER
2026-09-29 21:11:57,12744,14160,13644,15160,12744,SUPERIOR ROOM TWIN BED,MEMBER
2026-09-29 21:38:32,12744,14160,13644,15160,12744,SUPERIOR ROOM TWIN BED,MEMBER
2026-09-29 22:11:38,12744,14160,13644,15160,12744,SUPERIOR ROOM TWIN BED,MEMBER
2026-09-29 22:36:55,12762,14180,13662,15180,12762,SUPERIOR ROOM TWIN BED,MEMBER
2026-09-29 23:10:18,12762,14180,13662,15180,12762,SUPERIOR ROOM TWIN BED,MEMBER
2026-09-29 23:39:26,12762,14180,13662,15180,12762,SUPERIOR ROOM TWIN BED,MEMBER
2026-09-30 00:13:09,12762,14180,13662,15180,12762,SUPERIOR ROOM TWIN BED,MEMBER
2026-09-30 00:37:28,12762,14180,13662,15180,12762,SUPERIOR ROOM TWIN BED,MEMBER
2026-09-30 01:09:27,12762,14180,13662,15180,12762,SUPERIOR ROOM TWIN BED,MEMBER
2026-09-30 01:37:33,12762,14180,13662,15180,12762,SUPERIOR ROOM TWIN BED,MEMBER
2026-09-30 02:10:36,12762,14180,13662,15180,12762,SUPERIOR ROOM TWIN BED,MEMBER
2026-09-30 02:36:16,12762,14180,13662,15180,12762,SUPERIOR ROOM TWIN BED,MEMBER
2026-09-30 03:08:53,12762,14180,13662,15180,12762,SUPERIOR ROOM TWIN BED,MEMBER
2026-09-30 03:36:22,12762,14180,13662,15180,12762,SUPERIOR ROOM TWIN BED,MEMBER
2026-09-30 04:09:07,12762,14180,13662,15180,12762,SUPERIOR ROOM TWIN BED,MEMBER
2026-09-30 04:36:05,12762,14180,13662,15180,12762,SUPERIOR ROOM TWIN BED,MEMBER
2026-09-30 05:06:44,12609,14010,13509,15010,12609,SUPERIOR ROOM TWIN BED,MEMBER
2026-09-30 05:39:14,12609,14010,13509,15010,12609,SUPERIOR ROOM TWIN BED,MEMBER
2026-09-30 06:16:49,12609,14010,13509,15010,12609,SUPERIOR ROOM TWIN BED,MEMBER
2026-09-30 12:08:46,12609,14010,13509,15010,12609,SUPERIOR ROOM TWIN BED,MEMBER
2026-09-30 07:36:58,12609,14010,13509,15010,12609,SUPERIOR ROOM TWIN BED,MEMBER
2026-09-30 08:10:04,12609,14010,13509,15010,12609,SUPERIOR ROOM TWIN BED,MEMBER
2026-09-30 08:37:28,12609,14010,13509,15010,12609,SUPERIOR ROOM TWIN BED,MEMBER
2026-09-30 09:11:07,12609,14010,13509,15010,12609,SUPERIOR ROOM TWIN BED,MEMBER
2026-09-30 09:37:08,12609,14010,13509,15010,12609,SUPERIOR ROOM TWIN BED,MEMBER
2026-09-30 10:10:54,12609,14010,13509,15010,12609,SUPERIOR ROOM TWIN BED,MEMBER
2026-09-30 10:37:24,12609,14010,13509,15010,12609,SUPERIOR ROOM TWIN BED,MEMBER
2026-09-30 11:10:10,12609,14010,13509,15010,12609,SUPERIOR ROOM TWIN BED,MEMBER
2026-09-30 11:38:23,12609,14010,13509,15010,12609,SUPERIOR ROOM TWIN BED,MEMBER
2026-09-30 12:15:21,12609,14010,13509,15010,12609,SUPERIOR ROOM TWIN BED,MEMBER
2026-09-30 12:38:54,12609,14010,13509,15010,12609,SUPERIOR ROOM TWIN BED,MEMBER
2026-09-30 13:11:07,12609,14010,13509,15010,12609,SUPERIOR ROOM TWIN BED,MEMBER
2026-09-30 13:39:03,12609,14010,13509,15010,12609,SUPERIOR ROOM TWIN BED,MEMBER
2026-09-30 14:11:55,12609,14010,13509,15010,12609,SUPERIOR ROOM TWIN BED,MEMBER
2026-09-30 14:37:24,12609,14010,13509,15010,12609,SUPERIOR ROOM TWIN BED,MEMBER
2026-09-30 15:12:00,12609,14010,13509,15010,12609,SUPERIOR ROOM TWIN BED,MEMBER
2026-09-30 15:37:51,12609,14010,13509,15010,12609,SUPERIOR ROOM TWIN BED,MEMBER
2026-09-30 16:10:51,12609,14010,13509,15010,12609,SUPERIOR ROOM TWIN BED,MEMBER
2026-09-30 16:37:24,12609,14010,13509,15010,12609,SUPERIOR ROOM TWIN BED,MEMBER
2026-09-30 17:09:57,12609,14010,13509,15010,12609,SUPERIOR ROOM TWIN BED,MEMBER
2026-09-30 17:39:34,12699,14110,13599,15110,12699,SUPERIOR ROOM TWIN BED,MEMBER
2026-09-30 18:18:38,12699,14110,13599,15110,12699,SUPERIOR ROOM TWIN BED,MEMBER
2026-09-30 18:40:15,12699,14110,13599,15110,12699,SUPERIOR ROOM TWIN BED,MEMBER
2026-09-30 19:10:20,12699,14110,13599,15110,12699,SUPERIOR ROOM TWIN BED,MEMBER
2026-09-30 19:41:40,12699,14110,13599,15110,12699,SUPERIOR ROOM TWIN BED,MEMBER
2026-09-30 20:15:05,12699,14110,13599,15110,12699,SUPERIOR ROOM TWIN BED,MEMBER
2026-09-30 20:41:17,12699,14110,13599,15110,12699,SUPERIOR ROOM TWIN BED,MEMBER
2026-09-30 21:12:46,12699,14110,13599,15110,12699,SUPERIOR ROOM TWIN BED,MEMBER
2026-09-30 21:39:42,12699,14110,13599,15110,12699,SUPERIOR ROOM TWIN BED,MEMBER
2026-09-30 22:10:34,12699,14110,13599,15110,12699,SUPERIOR ROOM TWIN BED,MEMBER
2026-09-30 22:37:36,12591,13990,13491,14990,12591,SUPERIOR ROOM TWIN BED,MEMBER
2026-09-30 23:09:43,12591,13990,13491,14990,12591,SUPERIOR ROOM TWIN BED,MEMBER
2026-09-30 23:38:16,12591,13990,13491,14990,12591,SUPERIOR ROOM TWIN BED,MEMBER
2026-10-01 00:13:28,12591,13990,13491,14990,12591,SUPERIOR ROOM TWIN BED,MEMBER
2026-10-01 00:38:59,12591,13990,13491,14990,12591,SUPERIOR ROOM TWIN BED,MEMBER
2026-10-01 01:08:47,12591,13990,13491,14990,12591,SUPERIOR ROOM TWIN BED,MEMBER
2026-10-01 01:37:13,12591,13990,13491,14990,12591,SUPERIOR ROOM TWIN BED,MEMBER
2026-10-01 02:09:55,12591,13990,13491,14990,12591,SUPERIOR ROOM TWIN BED,MEMBER
2026-10-01 02:36:46,12591,13990,13491,14990,12591,SUPERIOR ROOM TWIN BED,MEMBER
2026-10-01 03:13:10,12591,13990,13491,14990,12591,SUPERIOR ROOM TWIN BED,MEMBER
2026-10-01 03:36:36,12591,13990,13491,14990,12591,SUPERIOR ROOM TWIN BED,MEMBER
2026-10-01 04:10:06,12591,13990,13491,14990,12591,SUPERIOR ROOM TWIN BED,MEMBER
2026-10-01 04:35:47,12591,13990,13491,14990,12591,SUPERIOR ROOM TWIN BED,MEMBER
2026-10-01 05:08:09,12627,14030,13527,15030,12627,SUPERIOR ROOM TWIN BED,MEMBER
2026-10-01 11:09:46,12627,14030,13527,15030,12627,SUPERIOR ROOM TWIN BED,MEMBER
2026-10-01 06:39:13,12627,14030,13527,15030,12627,SUPERIOR ROOM TWIN BED,MEMBER
2026-10-01 07:09:56,12627,14030,13527,15030,12627,SUPERIOR ROOM TWIN BED,MEMBER
2026-10-01 07:37:18,12627,14030,13527,15030,12627,SUPERIOR ROOM TWIN BED,MEMBER
2026-10-01 08:11:22,12627,14030,13527,15030,12627,SUPERIOR ROOM TWIN BED,MEMBER
2026-10-01 08:37:24,12627,14030,13527,15030,12627,SUPERIOR ROOM TWIN BED,MEMBER
2026-10-01 09:12:22,12627,14030,13527,15030,12627,SUPERIOR ROOM TWIN BED,MEMBER
2026-10-01 09:37:57,12627,14030,13527,15030,12627,SUPERIOR ROOM TWIN BED,MEMBER
2026-10-01 10:12:21,12627,14030,13527,15030,12627,SUPERIOR ROOM TWIN BED,MEMBER
2026-10-01 10:38:11,12627,14030,13527,15030,12627,SUPERIOR ROOM TWIN BED,MEMBER
2026-10-01 11:10:38,12627,14030,13527,15030,12627,SUPERIOR ROOM TWIN BED,MEMBER
2026-10-01 11:41:18,12636,14040,13536,15040,12636,SUPERIOR ROOM TWIN BED,MEMBER
2026-10-01 12:17:13,12636,14040,13536,15040,12636,SUPERIOR ROOM TWIN BED,MEMBER
2026-10-01 12:38:58,12636,14040,13536,15040,12636,SUPERIOR ROOM TWIN BED,MEMBER
2026-10-01 13:11:41,12636,14040,13536,15040,12636,SUPERIOR ROOM TWIN BED,MEMBER
2026-10-01 13:38:44,12636,14040,13536,15040,12636,SUPERIOR ROOM TWIN BED,MEMBER
2026-10-01 14:12:41,12636,14040,13536,15040,12636,SUPERIOR ROOM TWIN BED,MEMBER
2026-10-01 14:38:25,12636,14040,13536,15040,12636,SUPERIOR ROOM TWIN BED,MEMBER
2026-10-01 15:11:38,12636,14040,13536,15040,12636,SUPERIOR ROOM TWIN BED,MEMBER
2026-10-01 15:38:51,12636,14040,13536,15040,12636,SUPERIOR ROOM TWIN BED,MEMBER
2026-10-01 16:10:49,12636,14040,13536,15040,12636,SUPERIOR ROOM TWIN BED,MEMBER
2026-10-01 16:38:24,12636,14040,13536,15040,12636,SUPERIOR ROOM TWIN BED,MEMBER
2026-10-01 17:10:30,12636,14040,13536,15040,12636,SUPERIOR ROOM TWIN BED,MEMBER
2026-10-01 17:40:21,12609,14010,13509,15010,12609,SUPERIOR ROOM TWIN BED,MEMBER
2026-10-01 18:17:05,12609,14010,13509,15010,12609,SUPERIOR ROOM TWIN BED,MEMBER
2026-10-01 18:40:21,12609,14010,13509,15010,12609,SUPERIOR ROOM TWIN BED,MEMBER
2026-10-01 19:12:32,12609,14010,13509,15010,12609,SUPERIOR ROOM TWIN BED,MEMBER
2026-10-01 19:39:41,12609,14010,13509,15010,12609,SUPERIOR ROOM TWIN BED,MEMBER
2026-10-01 20:12:48,12609,14010,13509,15010,12609,SUPERIOR ROOM TWIN BED,MEMBER
2026-10-01 20:39:40,12609,14010,13509,15010,12609,SUPERIOR ROOM TWIN BED,MEMBER
2026-10-01 21:14:08,12609,14010,13509,15010,12609,SUPERIOR ROOM TWIN BED,MEMBER
2026-10-01 21:38:17,12609,14010,13509,15010,12609,SUPERIOR ROOM TWIN BED,MEMBER
2026-10-02 03:40:58,12609,14010,13509,15010,12609,SUPERIOR ROOM TWIN BED,MEMBER
2026-10-01 23:17:38,12618,14020,13518,15020,12618,SUPERIOR ROOM TWIN BED,MEMBER
2026-10-01 23:40:20,12618,14020,13518,15020,12618,SUPERIOR ROOM TWIN BED,MEMBER
2026-10-02 00:15:24,12618,14020,13518,15020,12618,SUPERIOR ROOM TWIN BED,MEMBER
2026-10-02 00:41:41,12618,14020,13518,15020,12618,SUPERIOR ROOM TWIN BED,MEMBER
2026-10-02 01:09:53,12618,14020,13518,15020,12618,SUPERIOR ROOM TWIN BED,MEMBER
2026-10-02 01:37:15,12618,14020,13518,15020,12618,SUPERIOR ROOM TWIN BED,MEMBER
2026-10-02 02:11:56,12618,14020,13518,15020,12618,SUPERIOR ROOM TWIN BED,MEMBER
2026-10-02 02:36:14,12618,14020,13518,15020,12618,SUPERIOR ROOM TWIN BED,MEMBER
2026-10-02 03:12:08,12618,14020,13518,15020,12618,SUPERIOR ROOM TWIN BED,MEMBER
2026-10-02 03:36:03,12672,14080,13572,15080,12672,SUPERIOR ROOM TWIN BED,MEMBER
2026-10-02 04:09:35,12672,14080,13572,15080,12672,SUPERIOR ROOM TWIN BED,MEMBER
2026-10-02 04:35:20,12672,14080,13572,15080,12672,SUPERIOR ROOM TWIN BED,MEMBER
2026-10-02 05:08:23,12672,14080,13572,15080,12672,SUPERIOR ROOM TWIN BED,MEMBER
2026-10-02 05:38:40,12672,14080,13572,15080,12672,SUPERIOR ROOM TWIN BED,MEMBER
2026-10-02 06:15:47,12672,14080,13572,15080,12672,SUPERIOR ROOM TWIN BED,MEMBER
2026-10-02 06:38:07,12672,14080,13572,15080,12672,SUPERIOR ROOM TWIN BED,MEMBER
2026-10-02 07:10:33,12672,14080,13572,15080,12672,SUPERIOR ROOM TWIN BED,MEMBER
2026-10-02 07:37:35,12672,14080,13572,15080,12672,SUPERIOR ROOM TWIN BED,MEMBER
2026-10-02 08:09:54,12672,14080,13572,15080,12672,SUPERIOR ROOM TWIN BED,MEMBER
2026-10-02 08:37:38,12672,14080,13572,15080,12672,SUPERIOR ROOM TWIN BED,MEMBER
2026-10-02 09:11:39,12672,14080,13572,15080,12672,SUPERIOR ROOM TWIN BED,MEMBER
2026-10-02 09:37:23,12672,14080,13572,15080,12672,SUPERIOR ROOM TWIN BED,MEMBER
2026-10-02 10:11:28,12672,14080,13572,15080,12672,SUPERIOR ROOM TWIN BED,MEMBER
2026-10-02 10:36:38,12672,14080,13572,15080,12672,SUPERIOR ROOM TWIN BED,MEMBER
2026-10-02 11:10:21,12672,14080,13572,15080,12672,SUPERIOR ROOM TWIN BED,MEMBER
2026-10-02 11:38:31,12663,14070,13563,15070,12663,SUPERIOR ROOM TWIN BED,MEMBER
2026-10-02 12:16:10,12663,14070,13563,15070,12663,SUPERIOR ROOM TWIN BED,MEMBER
2026-10-02 12:38:57,12663,14070,13563,15070,12663,SUPERIOR ROOM TWIN BED,MEMBER
2026-10-02 13:10:49,12663,14070,13563,15070,12663,SUPERIOR ROOM TWIN BED,MEMBER
2026-10-02 13:38:31,12663,14070,13563,15070,12663,SUPERIOR ROOM TWIN BED,MEMBER
2026-10-02 14:10:45,12663,14070,13563,15070,12663,SUPERIOR ROOM TWIN BED,MEMBER
2026-10-02 14:38:42,12663,14070,13563,15070,12663,SUPERIOR ROOM TWIN BED,MEMBER
2026-10-02 15:11:18,12663,14070,13563,15070,12663,SUPERIOR ROOM TWIN BED,MEMBER
2026-10-02 15:36:12,12663,14070,13563,15070,12663,SUPERIOR ROOM TWIN BED,MEMBER
2026-10-02 16:10:41,12663,14070,13563,15070,12663,SUPERIOR ROOM TWIN BED,MEMBER
2026-10-02 16:37:00,12663,14070,13563,15070,12663,SUPERIOR ROOM TWIN BED,MEMBER
2026-10-02 17:11:05,12663,14070,13563,15070,12663,SUPERIOR ROOM TWIN BED,MEMBER
2026-10-02 17:38:16,12699,14110,13599,15110,12699,SUPERIOR ROOM TWIN BED,MEMBER
2026-10-02 18:16:00,12699,14110,13599,15110,12699,SUPERIOR ROOM TWIN BED,MEMBER
2026-10-02 18:39:12,12699,14110,13599,15110,12699,SUPERIOR ROOM TWIN BED,MEMBER
2026-10-02 19:11:55,12699,14110,13599,15110,12699,SUPERIOR ROOM TWIN BED,MEMBER
2026-10-02 19:38:40,12699,14110,13599,15110,12699,SUPERIOR ROOM TWIN BED,MEMBER
2026-10-02 20:13:29,12699,14110,13599,15110,12699,SUPERIOR ROOM TWIN BED,MEMBER
2026-10-02 20:38:38,12699,14110,13599,15110,12699,SUPERIOR ROOM TWIN BED,MEMBER
2026-10-02 21:12:17,12699,14110,13599,15110,12699,SUPERIOR ROOM TWIN BED,MEMBER
2026-10-02 21:36:51,12699,14110,13599,15110,12699,SUPERIOR ROOM TWIN BED,MEMBER
2026-10-02 22:12:46,12699,14110,13599,15110,12699,SUPERIOR ROOM TWIN BED,MEMBER
2026-10-02 22:36:52,12654,14060,13554,15060,12654,SUPERIOR ROOM TWIN BED,MEMBER
2026-10-02 23:09:47,12654,14060,13554,15060,12654,SUPERIOR ROOM TWIN BED,MEMBER
2026-10-02 23:38:36,12654,14060,13554,15060,12654,SUPERIOR ROOM TWIN BED,MEMBER
2026-10-03 00:13:06,12654,14060,13554,15060,12654,SUPERIOR ROOM TWIN BED,MEMBER
2026-10-03 00:38:22,12654,14060,13554,15060,12654,SUPERIOR ROOM TWIN BED,MEMBER
2026-10-03 01:10:38,12654,14060,13554,15060,12654,SUPERIOR ROOM TWIN BED,MEMBER
2026-10-03 01:36:34,12654,14060,13554,15060,12654,SUPERIOR ROOM TWIN BED,MEMBER
2026-10-03 02:10:44,12654,14060,13554,15060,12654,SUPERIOR ROOM TWIN BED,MEMBER
2026-10-03 02:36:48,12654,14060,13554,15060,12654,SUPERIOR ROOM TWIN BED,MEMBER
2026-10-03 03:10:30,12654,14060,13554,15060,12654,SUPERIOR ROOM TWIN BED,MEMBER
2026-10-03 03:35:50,12654,14060,13554,15060,12654,SUPERIOR ROOM TWIN BED,MEMBER
2026-10-03 04:09:58,12654,14060,13554,15060,12654,SUPERIOR ROOM TWIN BED,MEMBER
2026-10-03 04:35:10,12654,14060,13554,15060,12654,SUPERIOR ROOM TWIN BED,MEMBER
2026-10-03 05:08:17,12591,13990,13491,14990,12591,SUPERIOR ROOM TWIN BED,MEMBER
2026-10-03 05:38:45,12591,13990,13491,14990,12591,SUPERIOR ROOM TWIN BED,MEMBER
2026-10-03 06:15:16,12591,13990,13491,14990,12591,SUPERIOR ROOM TWIN BED,MEMBER
2026-10-03 06:37:23,12591,13990,13491,14990,12591,SUPERIOR ROOM TWIN BED,MEMBER
2026-10-03 07:09:55,12591,13990,13491,14990,12591,SUPERIOR ROOM TWIN BED,MEMBER
2026-10-03 07:35:47,12591,13990,13491,14990,12591,SUPERIOR ROOM TWIN BED,MEMBER
2026-10-03 08:19:05,12591,13990,13491,14990,12591,SUPERIOR ROOM TWIN BED,MEMBER
2026-10-03 08:46:25,12591,13990,13491,14990,12591,SUPERIOR ROOM TWIN BED,MEMBER
2026-10-03 09:15:25,12591,13990,13491,14990,12591,SUPERIOR ROOM TWIN BED,MEMBER
2026-10-03 09:40:44,12591,13990,13491,14990,12591,SUPERIOR ROOM TWIN BED,MEMBER
2026-10-03 10:10:59,12591,13990,13491,14990,12591,SUPERIOR ROOM TWIN BED,MEMBER
2026-10-03 10:36:15,12591,13990,13491,14990,12591,SUPERIOR ROOM TWIN BED,MEMBER
2026-10-03 11:15:48,12591,13990,13491,14990,12591,SUPERIOR ROOM TWIN BED,MEMBER
2026-10-03 11:43:41,12573,13970,13473,14970,12573,SUPERIOR ROOM TWIN BED,MEMBER
2026-10-03 12:24:50,12573,13970,13473,14970,12573,SUPERIOR ROOM TWIN BED,MEMBER
2026-10-03 12:42:19,12573,13970,13473,14970,12573,SUPERIOR ROOM TWIN BED,MEMBER
2026-10-03 13:12:02,12573,13970,13473,14970,12573,SUPERIOR ROOM TWIN BED,MEMBER
2026-10-03 13:36:18,12573,13970,13473,14970,12573,SUPERIOR ROOM TWIN BED,MEMBER
2026-10-03 14:10:36,12573,13970,13473,14970,12573,SUPERIOR ROOM TWIN BED,MEMBER
2026-10-03 14:38:40,12573,13970,13473,14970,12573,SUPERIOR ROOM TWIN BED,MEMBER
2026-10-03 15:10:02,12573,13970,13473,14970,12573,SUPERIOR ROOM TWIN BED,MEMBER
2026-10-03 15:35:47,12573,13970,13473,14970,12573,SUPERIOR ROOM TWIN BED,MEMBER
2026-10-03 21:53:08,12573,13970,13473,14970,12573,SUPERIOR ROOM TWIN BED,MEMBER
2026-10-04 07:31:27,9036,10040,9936,11040,9036,SUPERIOR ROOM TWIN BED,MEMBER
2026-10-04 13:01:27,9036,10040,9936,11040,9036,SUPERIOR ROOM TWIN BED,MEMBER
2026-10-03 21:29:18,9036,10040,9936,11040,9036,SUPERIOR ROOM TWIN BED,MEMBER
2026-10-03 21:33:51,9036,10040,9936,11040,9036,SUPERIOR ROOM TWIN BED,MEMBER
2026-10-03 21:35:35,9036,10040,9936,11040,9036,SUPERIOR ROOM TWIN BED,MEMBER
2026-10-03 21:37:15,9036,10040,9936,11040,9036,SUPERIOR ROOM TWIN BED,MEMBER
2026-10-03 21:38:56,9036,10040,9936,11040,9036,SUPERIOR ROOM TWIN BED,MEMBER
2026-10-03 21:40:14,9036,10040,9936,11040,9036,SUPERIOR ROOM TWIN BED,MEMBER
2026-10-03 22:08:37,9036,10040,9936,11040,9036,SUPERIOR ROOM TWIN BED,MEMBER
2026-10-03 22:22:52,9036,10040,9936,11040,9036,SUPERIOR ROOM TWIN BED,MEMBER
2026-10-03 22:29:06,9027,10030,9927,11030,9027,SUPERIOR ROOM TWIN BED,MEMBER
2026-10-03 22:34:45,9027,10030,9927,11030,9027,SUPERIOR ROOM TWIN BED,MEMBER
2026-10-03 22:36:07,9027,10030,9927,11030,9027,SUPERIOR ROOM TWIN BED,MEMBER
2026-10-03 22:56:23,9027,10030,9927,11030,9027,SUPERIOR ROOM TWIN BED,MEMBER
2026-10-03 23:05:01,9027,10030,9927,11030,9027,SUPERIOR ROOM TWIN BED,MEMBER
2026-10-03 23:11:01,9027,10030,9927,11030,9027,SUPERIOR ROOM TWIN BED,MEMBER
2026-10-03 23:17:39,9027,10030,9927,11030,9027,SUPERIOR ROOM TWIN BED,MEMBER
2026-10-03 23:23:15,9027,10030,9927,11030,9027,SUPERIOR ROOM TWIN BED,MEMBER
2026-10-03 23:28:16,9027,10030,9927,11030,9027,SUPERIOR ROOM TWIN BED,MEMBER
2026-10-03 23:33:30,9027,10030,9927,11030,9027,SUPERIOR ROOM TWIN BED,MEMBER
2026-10-03 23:38:40,9027,10030,9927,11030,9027,SUPERIOR ROOM TWIN BED,MEMBER
2026-10-03 23:44:04,9027,10030,9927,11030,9027,SUPERIOR ROOM TWIN BED,MEMBER
2026-10-03 23:49:09,9027,10030,9927,11030,9027,SUPERIOR ROOM TWIN BED,MEMBER
2026-10-03 23:54:18,9027,10030,9927,11030,9027,SUPERIOR ROOM TWIN BED,MEMBER
2026-10-03 23:59:26,9027,10030,9927,11030,9027,SUPERIOR ROOM TWIN BED,MEMBER
2026-10-04 00:04:36,9027,10030,9927,11030,9027,SUPERIOR ROOM TWIN BED,MEMBER
2026-10-04 00:09:47,9027,10030,9927,11030,9027,SUPERIOR ROOM TWIN BED,MEMBER
2026-10-04 00:15:05,9027,10030,9927,11030,9027,SUPERIOR ROOM TWIN BED,MEMBER
2026-10-04 00:20:14,9027,10030,9927,11030,9027,SUPERIOR ROOM TWIN BED,MEMBER
2026-10-04 00:25:50,9027,10030,9927,11030,9027,SUPERIOR ROOM TWIN BED,MEMBER
2026-10-04 00:30:30,9027,10030,9927,11030,9027,SUPERIOR ROOM TWIN BED,MEMBER
2026-10-04 00:35:38,9027,10030,9927,11030,9027,SUPERIOR ROOM TWIN BED,MEMBER
2026-10-04 00:41:39,9027,10030,9927,11030,9027,SUPERIOR ROOM TWIN BED,MEMBER
2026-10-04 00:45:52,9027,10030,9927,11030,9027,SUPERIOR ROOM TWIN BED,MEMBER
2026-10-04 00:51:06,9027,10030,9927,11030,9027,SUPERIOR ROOM TWIN BED,MEMBER
2026-10-04 00:56:32,9027,10030,9927,11030,9027,SUPERIOR ROOM TWIN BED,MEMBER
2026-10-04 00:51:06,9027,10030,9927,11030,9027,SUPERIOR ROOM TWIN BED,MEMBER
2026-10-04 01:06:50,9027,10030,9927,11030,9027,SUPERIOR ROOM TWIN BED,MEMBER
2026-10-04 01:11:47,9027,10030,9927,11030,9027,SUPERIOR ROOM TWIN BED,MEMBER
2026-10-04 01:17:04,9027,10030,9927,11030,9027,SUPERIOR ROOM TWIN BED,MEMBER
2026-10-04 01:21:59,9027,10030,9927,11030,9027,SUPERIOR ROOM TWIN BED,MEMBER
2026-10-04 01:27:09,9027,10030,9927,11030,9027,SUPERIOR ROOM TWIN BED,MEMBER
2026-10-04 01:32:17,9027,10030,9927,11030,9027,SUPERIOR ROOM TWIN BED,MEMBER
2026-10-04 01:37:22,9027,10030,9927,11030,9027,SUPERIOR ROOM TWIN BED,MEMBER
2026-10-04 01:42:36,9027,10030,9927,11030,9027,SUPERIOR ROOM TWIN BED,MEMBER
2026-10-04 01:47:41,9027,10030,9927,11030,9027,SUPERIOR ROOM TWIN BED,MEMBER
2026-10-04 01:53:00,9027,10030,9927,11030,9027,SUPERIOR ROOM TWIN BED,MEMBER
2026-10-04 01:58:31,9027,10030,9927,11030,9027,SUPERIOR ROOM TWIN BED,MEMBER
2026-10-04 02:03:20,9027,10030,9927,11030,9027,SUPERIOR ROOM TWIN BED,MEMBER
2026-10-04 02:08:29,9027,10030,9927,11030,9027,SUPERIOR ROOM TWIN BED,MEMBER
2026-10-04 02:13:32,9027,10030,9927,11030,9027,SUPERIOR ROOM TWIN BED,MEMBER
2026-10-04 02:18:50,9027,10030,9927,11030,9027,SUPERIOR ROOM TWIN BED,MEMBER
2026-10-04 02:23:50,9027,10030,9927,11030,9027,SUPERIOR ROOM TWIN BED,MEMBER
2026-10-04 02:29:02,9027,10030,9927,11030,9027,SUPERIOR ROOM TWIN BED,MEMBER
2026-10-04 02:34:08,9027,10030,9927,11030,9027,SUPERIOR ROOM TWIN BED,MEMBER
2026-10-04 02:39:24,9027,10030,9927,11030,9027,SUPERIOR ROOM TWIN BED,MEMBER
2026-10-04 02:44:32,9027,10030,9927,11030,9027,SUPERIOR ROOM TWIN BED,MEMBER
2026-10-04 02:49:41,9027,10030,9927,11030,9027,SUPERIOR ROOM TWIN BED,MEMBER
2026-10-04 02:54:44,9027,10030,9927,11030,9027,SUPERIOR ROOM TWIN BED,MEMBER
2026-10-04 02:59:55,9027,10030,9927,11030,9027,SUPERIOR ROOM TWIN BED,MEMBER
2026-10-04 03:04:53,9027,10030,9927,11030,9027,SUPERIOR ROOM TWIN BED,MEMBER
2026-10-04 03:10:10,9027,10030,9927,11030,9027,SUPERIOR ROOM TWIN BED,MEMBER
2026-10-04 03:15:23,9027,10030,9927,11030,9027,SUPERIOR ROOM TWIN BED,MEMBER
2026-10-04 03:20:28,9027,10030,9927,11030,9027,SUPERIOR ROOM TWIN BED,MEMBER
2026-10-04 03:25:42,9027,10030,9927,11030,9027,SUPERIOR ROOM TWIN BED,MEMBER
2026-10-04 03:32:29,9027,10030,9927,11030,9027,SUPERIOR ROOM TWIN BED,MEMBER
2026-10-04 03:37:31,9027,10030,9927,11030,9027,SUPERIOR ROOM TWIN BED,MEMBER
2026-10-04 03:42:59,9027,10030,9927,11030,9027,SUPERIOR ROOM TWIN BED,MEMBER
2026-10-04 03:47:57,9027,10030,9927,11030,9027,SUPERIOR ROOM TWIN BED,MEMBER
2026-10-04 03:53:17,9027,10030,9927,11030,9027,SUPERIOR ROOM TWIN BED,MEMBER
2026-10-04 03:58:09,9027,10030,9927,11030,9027,SUPERIOR ROOM TWIN BED,MEMBER
2026-10-04 04:03:59,9027,10030,9927,11030,9027,SUPERIOR ROOM TWIN BED,MEMBER
2026-10-04 04:09:03,9027,10030,9927,11030,9027,SUPERIOR ROOM TWIN BED,MEMBER
2026-10-04 04:14:20,9027,10030,9927,11030,9027,SUPERIOR ROOM TWIN BED,MEMBER
2026-10-04 04:09:03,9027,10030,9927,11030,9027,SUPERIOR ROOM TWIN BED,MEMBER
2026-10-04 04:24:30,9027,10030,9927,11030,9027,SUPERIOR ROOM TWIN BED,MEMBER
2026-10-04 04:29:37,9027,10030,9927,11030,9027,SUPERIOR ROOM TWIN BED,MEMBER
2026-10-04 04:34:36,9027,10030,9927,11030,9027,SUPERIOR ROOM TWIN BED,MEMBER
2026-10-04 04:39:49,9018,10020,9918,11020,9018,SUPERIOR ROOM TWIN BED,MEMBER
2026-10-04 04:45:09,9018,10020,9918,11020,9018,SUPERIOR ROOM TWIN BED,MEMBER
2026-10-04 04:50:17,9018,10020,9918,11020,9018,SUPERIOR ROOM TWIN BED,MEMBER
2026-10-04 04:55:33,9018,10020,9918,11020,9018,SUPERIOR ROOM TWIN BED,MEMBER
2026-10-04 05:00:46,9018,10020,9918,11020,9018,SUPERIOR ROOM TWIN BED,MEMBER
2026-10-04 05:05:50,9018,10020,9918,11020,9018,SUPERIOR ROOM TWIN BED,MEMBER
2026-10-04 05:10:58,9018,10020,9918,11020,9018,SUPERIOR ROOM TWIN BED,MEMBER
2026-10-04 05:16:44,9018,10020,9918,11020,9018,SUPERIOR ROOM TWIN BED,MEMBER
2026-10-04 05:21:46,9018,10020,9918,11020,9018,SUPERIOR ROOM TWIN BED,MEMBER
2026-10-04 05:26:57,9018,10020,9918,11020,9018,SUPERIOR ROOM TWIN BED,MEMBER
2026-10-04 05:32:17,9018,10020,9918,11020,9018,SUPERIOR ROOM TWIN BED,MEMBER
2026-10-04 05:37:26,9018,10020,9918,11020,9018,SUPERIOR ROOM TWIN BED,MEMBER
2026-10-04 05:42:28,9018,10020,9918,11020,9018,SUPERIOR ROOM TWIN BED,MEMBER
2026-10-04 05:47:36,9018,10020,9918,11020,9018,SUPERIOR ROOM TWIN BED,MEMBER
2026-10-04 05:52:47,9018,10020,9918,11020,9018,SUPERIOR ROOM TWIN BED,MEMBER
2026-10-04 05:57:53,9018,10020,9918,11020,9018,SUPERIOR ROOM TWIN BED,MEMBER
2026-10-04 06:03:04,9018,10020,9918,11020,9018,SUPERIOR ROOM TWIN BED,MEMBER
2026-10-04 06:08:11,9018,10020,9918,11020,9018,SUPERIOR ROOM TWIN BED,MEMBER
2026-10-04 06:13:20,9018,10020,9918,11020,9018,SUPERIOR ROOM TWIN BED,MEMBER
2026-10-04 06:18:49,9018,10020,9918,11020,9018,SUPERIOR ROOM TWIN BED,MEMBER
2026-10-04 06:23:36,9018,10020,9918,11020,9018,SUPERIOR ROOM TWIN BED,MEMBER
2026-10-04 06:28:54,9018,10020,9918,11020,9018,SUPERIOR ROOM TWIN BED,MEMBER
2026-10-04 06:34:10,9018,10020,9918,11020,9018,SUPERIOR ROOM TWIN BED,MEMBER
2026-10-04 06:39:05,9018,10020,9918,11020,9018,SUPERIOR ROOM TWIN BED,MEMBER
2026-10-04 06:44:15,9018,10020,9918,11020,9018,SUPERIOR ROOM TWIN BED,MEMBER
2026-10-04 06:49:23,9018,10020,9918,11020,9018,SUPERIOR ROOM TWIN BED,MEMBER
2026-10-04 06:54:37,9018,10020,9918,11020,9018,SUPERIOR ROOM TWIN BED,MEMBER
2026-10-04 06:59:54,9018,10020,9918,11020,9018,SUPERIOR ROOM TWIN BED,MEMBER
2026-10-04 07:04:43,9018,10020,9918,11020,9018,SUPERIOR ROOM TWIN BED,MEMBER
2026-10-04 07:10:02,9018,10020,9918,11020,9018,SUPERIOR ROOM TWIN BED,MEMBER
2026-10-04 07:15:12,9018,10020,9918,11020,9018,SUPERIOR ROOM TWIN BED,MEMBER
2026-10-04 07:20:13,9018,10020,9918,11020,9018,SUPERIOR ROOM TWIN BED,MEMBER
2026-10-04 07:25:29,9018,10020,9918,11020,9018,SUPERIOR ROOM TWIN BED,MEMBER
2026-10-04 07:30:36,9018,10020,9918,11020,9018,SUPERIOR ROOM TWIN BED,MEMBER
2026-10-04 07:35:42,9018,10020,9918,11020,9018,SUPERIOR ROOM TWIN BED,MEMBER
2026-10-04 07:40:52,9018,10020,9918,11020,9018,SUPERIOR ROOM TWIN BED,MEMBER
2026-10-04 07:45:58,9018,10020,9918,11020,9018,SUPERIOR ROOM TWIN BED,MEMBER
2026-10-04 07:51:07,9018,10020,9918,11020,9018,SUPERIOR ROOM TWIN BED,MEMBER
2026-10-04 07:56:17,9018,10020,9918,11020,9018,SUPERIOR ROOM TWIN BED,MEMBER
2026-10-04 08:01:26,9018,10020,9918,11020,9018,SUPERIOR ROOM TWIN BED,MEMBER
2026-10-04 08:06:38,9018,10020,9918,11020,9018,SUPERIOR ROOM TWIN BED,MEMBER
2026-10-04 08:11:36,9018,10020,9918,11020,9018,SUPERIOR ROOM TWIN BED,MEMBER
2026-10-04 08:17:00,9018,10020,9918,11020,9018,SUPERIOR ROOM TWIN BED,MEMBER
2026-10-04 08:21:58,9018,10020,9918,11020,9018,SUPERIOR ROOM TWIN BED,MEMBER
2026-10-04 08:27:44,9018,10020,9918,11020,9018,SUPERIOR ROOM TWIN BED,MEMBER
2026-10-04 08:32:49,9018,10020,9918,11020,9018,SUPERIOR ROOM TWIN BED,MEMBER
2026-10-04 08:27:44,9018,10020,9918,11020,9018,SUPERIOR ROOM TWIN BED,MEMBER
2026-10-04 08:43:20,9018,10020,9918,11020,9018,SUPERIOR ROOM TWIN BED,MEMBER
2026-10-04 08:48:12,9018,10020,9918,11020,9018,SUPERIOR ROOM TWIN BED,MEMBER
2026-10-04 08:54:06,9018,10020,9918,11020,9018,SUPERIOR ROOM TWIN BED,MEMBER
2026-10-04 08:48:12,9018,10020,9918,11020,9018,SUPERIOR ROOM TWIN BED,MEMBER
2026-10-04 08:54:06,9018,10020,9918,11020,9018,SUPERIOR ROOM TWIN BED,MEMBER
2026-10-04 09:08:44,9018,10020,9918,11020,9018,SUPERIOR ROOM TWIN BED,MEMBER
2026-10-04 09:13:54,9018,10020,9918,11020,9018,SUPERIOR ROOM TWIN BED,MEMBER
2026-10-04 09:19:06,9018,10020,9918,11020,9018,SUPERIOR ROOM TWIN BED,MEMBER
2026-10-04 09:24:06,9018,10020,9918,11020,9018,SUPERIOR ROOM TWIN BED,MEMBER
2026-10-04 09:29:13,9018,10020,9918,11020,9018,SUPERIOR ROOM TWIN BED,MEMBER
2026-10-04 09:34:34,9018,10020,9918,11020,9018,SUPERIOR ROOM TWIN BED,MEMBER
2026-10-04 09:39:27,9018,10020,9918,11020,9018,SUPERIOR ROOM TWIN BED,MEMBER
2026-10-04 09:44:49,9018,10020,9918,11020,9018,SUPERIOR ROOM TWIN BED,MEMBER
2026-10-04 09:49:52,9018,10020,9918,11020,9018,SUPERIOR ROOM TWIN BED,MEMBER
2026-10-04 09:55:02,9018,10020,9918,11020,9018,SUPERIOR ROOM TWIN BED,MEMBER
2026-10-04 10:00:04,9018,10020,9918,11020,9018,SUPERIOR ROOM TWIN BED,MEMBER
2026-10-04 10:05:22,9018,10020,9918,11020,9018,SUPERIOR ROOM TWIN BED,MEMBER
2026-10-04 10:10:26,9018,10020,9918,11020,9018,SUPERIOR ROOM TWIN BED,MEMBER
2026-10-04 10:15:37,9018,10020,9918,11020,9018,SUPERIOR ROOM TWIN BED,MEMBER
2026-10-04 10:20:47,9018,10020,9918,11020,9018,SUPERIOR ROOM TWIN BED,MEMBER
2026-10-04 10:25:53,9018,10020,9918,11020,9018,SUPERIOR ROOM TWIN BED,MEMBER
2026-10-04 10:31:09,9018,10020,9918,11020,9018,SUPERIOR ROOM TWIN BED,MEMBER
2026-10-04 10:36:18,9018,10020,9918,11020,9018,SUPERIOR ROOM TWIN BED,MEMBER
2026-10-04 10:31:09,9018,10020,9918,11020,9018,SUPERIOR ROOM TWIN BED,MEMBER
2026-10-04 10:46:33,9018,10020,9918,11020,9018,SUPERIOR ROOM TWIN BED,MEMBER
2026-10-04 10:51:44,9018,10020,9918,11020,9018,SUPERIOR ROOM TWIN BED,MEMBER
2026-10-04 10:56:48,9018,10020,9918,11020,9018,SUPERIOR ROOM TWIN BED,MEMBER
2026-10-04 11:02:02,9018,10020,9918,11020,9018,SUPERIOR ROOM TWIN BED,MEMBER
2026-10-04 11:07:16,9018,10020,9918,11020,9018,SUPERIOR ROOM TWIN BED,MEMBER
2026-10-04 11:12:22,9018,10020,9918,11020,9018,SUPERIOR ROOM TWIN BED,MEMBER
2026-10-04 11:17:25,9018,10020,9918,11020,9018,SUPERIOR ROOM TWIN BED,MEMBER
2026-10-04 11:22:32,9018,10020,9918,11020,9018,SUPERIOR ROOM TWIN BED,MEMBER
2026-10-04 11:27:39,9018,10020,9918,11020,9018,SUPERIOR ROOM TWIN BED,MEMBER
2026-10-04 11:32:46,9018,10020,9918,11020,9018,SUPERIOR ROOM TWIN BED,MEMBER
2026-10-04 11:37:55,9018,10020,9918,11020,9018,SUPERIOR ROOM TWIN BED,MEMBER
2026-10-04 11:43:09,9018,10020,9918,11020,9018,SUPERIOR ROOM TWIN BED,MEMBER
2026-10-04 11:48:19,9018,10020,9918,11020,9018,SUPERIOR ROOM TWIN BED,MEMBER
2026-10-04 11:53:30,9018,10020,9918,11020,9018,SUPERIOR ROOM TWIN BED,MEMBER
2026-10-04 11:58:36,9018,10020,9918,11020,9018,SUPERIOR ROOM TWIN BED,MEMBER
2026-10-04 12:03:38,9018,10020,9918,11020,9018,SUPERIOR ROOM TWIN BED,MEMBER
2026-10-04 12:09:03,9018,10020,9918,11020,9018,SUPERIOR ROOM TWIN BED,MEMBER
2026-10-04 12:14:04,9018,10020,9918,11020,9018,SUPERIOR ROOM TWIN BED,MEMBER
2026-10-04 12:19:23,9018,10020,9918,11020,9018,SUPERIOR ROOM TWIN BED,MEMBER
2026-10-04 12:24:23,9018,10020,9918,11020,9018,SUPERIOR ROOM TWIN BED,MEMBER
2026-10-04 12:29:31,9018,10020,9918,11020,9018,SUPERIOR ROOM TWIN BED,MEMBER
2026-10-04 12:34:37,9018,10020,9918,11020,9018,SUPERIOR ROOM TWIN BED,MEMBER
2026-10-04 12:39:52,9018,10020,9918,11020,9018,SUPERIOR ROOM TWIN BED,MEMBER
2026-10-04 12:44:54,9018,10020,9918,11020,9018,SUPERIOR ROOM TWIN BED,MEMBER
2026-10-04 12:50:03,9018,10020,9918,11020,9018,SUPERIOR ROOM TWIN BED,MEMBER
2026-10-04 12:55:09,9018,10020,9918,11020,9018,SUPERIOR ROOM TWIN BED,MEMBER
2026-10-04 13:00:29,9018,10020,9918,11020,9018,SUPERIOR ROOM TWIN BED,MEMBER
2026-10-04 13:05:29,9018,10020,9918,11020,9018,SUPERIOR ROOM TWIN BED,MEMBER
2026-10-04 13:10:44,9018,10020,9918,11020,9018,SUPERIOR ROOM TWIN BED,MEMBER
2026-10-04 13:15:52,9018,10020,9918,11020,9018,SUPERIOR ROOM TWIN BED,MEMBER
2026-10-04 13:20:46,9018,10020,9918,11020,9018,SUPERIOR ROOM TWIN BED,MEMBER
2026-10-04 13:26:00,9018,10020,9918,11020,9018,SUPERIOR ROOM TWIN BED,MEMBER
2026-10-04 13:31:13,9018,10020,9918,11020,9018,SUPERIOR ROOM TWIN BED,MEMBER
2026-10-04 13:36:38,9018,10020,9918,11020,9018,SUPERIOR ROOM TWIN BED,MEMBER
2026-10-04 13:41:40,9018,10020,9918,11020,9018,SUPERIOR ROOM TWIN BED,MEMBER
2026-10-04 13:46:41,9018,10020,9918,11020,9018,SUPERIOR ROOM TWIN BED,MEMBER
2026-10-04 13:51:46,9018,10020,9918,11020,9018,SUPERIOR ROOM TWIN BED,MEMBER
2026-10-04 13:57:06,9018,10020,9918,11020,9018,SUPERIOR ROOM TWIN BED,MEMBER
2026-10-04 14:02:05,9018,10020,9918,11020,9018,SUPERIOR ROOM TWIN BED,MEMBER
2026-10-04 14:07:22,9018,10020,9918,11020,9018,SUPERIOR ROOM TWIN BED,MEMBER
2026-10-04 14:12:32,9018,10020,9918,11020,9018,SUPERIOR ROOM TWIN BED,MEMBER
2026-10-04 14:17:32,9018,10020,9918,11020,9018,SUPERIOR ROOM TWIN BED,MEMBER
